State,District,Population,Area,Density,Workplaces,Residential,Retail,Grocery,Parks,Stations,Air quality,Water accessibility,Thermal anomalies,Confirmed,Active,Hotspot,Growth Ratio
Andhra Pradesh,Anantapur,4083315,19130.0,213,-35,23,-78,-25,-59,-47,99,90.5,0,206,98,1,1.6091855080064200
Andhra Pradesh,Chittoor,4170468,15152.0,275,-35,23,-78,-25,-59,-47,99,90.5,1,234,82,1,1.4196741173160600
Andhra Pradesh,East Godavari,5151549,10807.0,477,-35,23,-78,-25,-59,-47,99,90.5,0,147,97,1,1.9345291152562000
Andhra Pradesh,Guntur,4889230,11391.0,429,-35,23,-78,-25,-59,-47,99,90.5,0,452,91,1,1.2230251658360900
Andhra Pradesh,Krishna,4529009,8727.0,519,-35,23,-78,-25,-59,-47,99,90.5,0,445,130,1,1.3392835830278300
Andhra Pradesh,Kurnool,4046601,17658.0,229,-35,23,-78,-25,-59,-47,99,90.5,0,673,123,1,1.2005307424960100
Andhra Pradesh,Prakasam,3392764,17626.0,192,-35,23,-78,-25,-59,-47,99,90.5,0,72,8,1,1.1175190687418600
Andhra Pradesh,S.P.S. Nellore,2966082,13076.0,227,-35,23,-78,-25,-59,-47,99,90.5,0,231,84,1,1.438551009577680
Andhra Pradesh,Srikakulam,2699471,5837.0,462,-35,23,-78,-25,-59,-47,99,90.5,0,21,13,0,1.8571584769711400
Andhra Pradesh,Visakhapatnam,4288113,11161.0,384,-35,23,-78,-25,-59,-47,99,90.5,0,93,30,1,1.3806862320338200
Andhra Pradesh,Vizianagaram,2342868,6539.0,358,-35,23,-78,-25,-59,-47,99,90.5,0,22,18,0,2.2663754066284700
Andhra Pradesh,West Godavari,3934782,7742.0,508,-35,23,-78,-25,-59,-47,99,90.5,0,83,29,1,1.418212946060470
Arunachal Pradesh,Anjaw,21089,6190.0,3,-4,10,-62,-8,-11,-44,54,78.6,0,0,0,0,1.0
Arunachal Pradesh,Changlang,147951,4662.0,32,-4,10,-62,-8,-11,-44,54,78.6,0,0,0,0,1.0
Arunachal Pradesh,East Kameng,78413,4134.0,19,-4,10,-62,-8,-11,-44,54,78.6,0,0,0,0,1.0
Arunachal Pradesh,East Siang,99019,3603.0,27,-4,10,-62,-8,-11,-44,54,78.6,0,0,0,0,1.0
Arunachal Pradesh,Kurung Kumey,89717,6040.0,15,-4,10,-62,-8,-11,-44,54,78.6,0,0,0,0,1.0
Arunachal Pradesh,Lohit,145538,2402.0,61,-4,10,-62,-8,-11,-44,54,78.6,0,1,0,0,1.0
Arunachal Pradesh,Longding,60000,1200.0,50,-4,10,-62,-8,-11,-44,54,78.6,0,0,0,0,1.0
Arunachal Pradesh,Lower Dibang Valley,53986,3900.0,14,-4,10,-62,-8,-11,-44,54,78.6,0,0,0,0,1.0
Arunachal Pradesh,Lower Subansiri,82839,3508.0,24,-4,10,-62,-8,-11,-44,54,78.6,0,0,0,0,1.0
Arunachal Pradesh,Namsai,95950,1587.0,60,-4,10,-62,-8,-11,-44,54,78.6,0,0,0,0,1.0
Arunachal Pradesh,Papum Pare,176385,2875.0,61,-4,10,-62,-8,-11,-44,54,78.6,0,0,0,0,1.0
Arunachal Pradesh,Shi Yomi,13310,2875.0,5,-4,10,-62,-8,-11,-44,54,78.6,0,0,0,0,1.0
Arunachal Pradesh,Siang,31920,2919.0,11,-4,10,-62,-8,-11,-44,54,78.6,0,0,0,0,1.0
Arunachal Pradesh,Tawang,49950,2085.0,24,-4,10,-62,-8,-11,-44,54,78.6,0,0,0,0,1.0
Arunachal Pradesh,Tirap,111997,2362.0,47,-4,10,-62,-8,-11,-44,54,78.6,0,0,0,0,1.0
Arunachal Pradesh,Upper Dibang Valley,7948,9129.0,1,-4,10,-62,-8,-11,-44,54,78.6,0,0,0,0,1.0
Arunachal Pradesh,Upper Siang,35289,6188.0,6,-4,10,-62,-8,-11,-44,54,78.6,0,0,0,0,1.0
Arunachal Pradesh,Upper Subansiri,83205,7032.0,12,-4,10,-62,-8,-11,-44,54,78.6,0,0,0,0,1.0
Arunachal Pradesh,West Kameng,87013,7422.0,12,-4,10,-62,-8,-11,-44,54,78.6,0,0,0,0,1.0
Arunachal Pradesh,West Siang,112272,8325.0,13,-4,10,-62,-8,-11,-44,54,78.6,0,0,0,0,1.0
Arunachal Pradesh,Baksa,953773,2008.0,475,-4,10,-62,-8,-11,-44,54,78.6,0,0,0,0,1.0
Assam,Barpeta,1693190,3245.0,522,-21,16,-74,-25,-24,-50,72,69.9,0,13,13,0,2.718281828459050
Assam,Bongaigaon,732639,1724.0,425,-21,16,-74,-25,-24,-50,72,69.9,0,5,0,0,1.0
Assam,Cachar,1736319,3786.0,459,-21,16,-74,-25,-24,-50,72,69.9,0,34,24,0,2.0256332200586400
Assam,Chirang,481818,1975.0,244,-21,16,-74,-25,-24,-50,72,69.9,0,6,6,0,2.718281828459050
Assam,Darrang,908090,1849.0,491,-21,16,-74,-25,-24,-50,72,69.9,0,8,8,0,2.718281828459050
Assam,Dhemaji,688077,3237.0,213,-21,16,-74,-25,-24,-50,72,69.9,0,5,5,0,2.718281828459050
Assam,Dhubri,1948632,2838.0,687,-21,16,-74,-25,-24,-50,72,69.9,0,9,4,1,1.5596234976067800
Assam,Dibrugarh,1327748,3381.0,393,-21,16,-74,-25,-24,-50,72,69.9,0,1,1,0,2.718281828459050
Assam,Dima Hasao,213529,4888.0,44,-21,16,-74,-25,-24,-50,72,69.9,0,7,7,0,2.718281828459050
Assam,Goalpara,1008959,1824.0,553,-21,16,-74,-25,-24,-50,72,69.9,0,16,12,1,2.117000016612680
Assam,Golaghat,1058674,3502.0,302,-21,16,-74,-25,-24,-50,72,69.9,0,143,134,1,2.552473622617250
Assam,Hailakandi,659260,1327.0,497,-21,16,-74,-25,-24,-50,72,69.9,0,10,9,0,2.45960311115695
Assam,Jorhat,1091295,2851.0,383,-21,16,-74,-25,-24,-50,72,69.9,0,11,7,0,1.8895971087303100
Assam,Kamrup,1517202,3480.0,436,-21,16,-74,-25,-24,-50,72,69.9,0,22,21,0,2.597489637435230
Assam,Kamrup Metropolitan,1260419,627.0,2010,-21,16,-74,-25,-24,-50,72,69.9,0,246,233,0,2.5783624072681200
Assam,Karbi Anglong,965280,10434.0,93,-21,16,-74,-25,-24,-50,72,69.9,0,4,4,0,2.718281828459050
Assam,Karimganj,1217002,1809.0,673,-21,16,-74,-25,-24,-50,72,69.9,0,33,31,0,2.558430384497100
Assam,Kokrajhar,886999,3129.0,283,-21,16,-74,-25,-24,-50,72,69.9,0,13,13,0,2.718281828459050
Assam,Lakhimpur,1040644,2277.0,457,-21,16,-74,-25,-24,-50,72,69.9,0,27,26,0,2.6194463089123900
Assam,Morigaon,957853,1704.0,562,-21,16,-74,-25,-24,-50,72,69.9,0,25,19,1,2.1382762204968200
Assam,Nagaon,2826006,3831.0,738,-21,16,-74,-25,-24,-50,72,69.9,0,22,22,0,2.718281828459050
Assam,Nalbari,769919,1009.0,763,-21,16,-74,-25,-24,-50,72,69.9,0,17,13,1,2.1483624104266800
Assam,Sivasagar,1150253,2668.0,431,-21,16,-74,-25,-24,-50,72,69.9,0,13,13,0,2.718281828459050
Assam,Sonitpur,1925975,5324.0,362,-21,16,-74,-25,-24,-50,72,69.9,0,14,14,0,2.718281828459050
Assam,Tinsukia,1316948,3790.0,347,-21,16,-74,-25,-24,-50,72,69.9,0,6,6,0,2.718281828459050
Assam,Udalguri,832769,1676.0,497,-21,16,-74,-25,-24,-50,72,69.9,0,3,3,0,2.718281828459050
Bihar,Araria,2806200,2829.0,992,-20,11,-70,3,-8,-44,62,94.0,0,28,26,0,2.530891035224010
Bihar,Arwal,700843,638.0,1098,-20,11,-70,3,-8,-44,62,94.0,0,34,24,0,2.0256332200586400
Bihar,Aurangabad,2511243,3303.0,760,-20,11,-70,3,-8,-44,62,94.0,0,59,41,1,2.0035392752824100
Bihar,Banka,2029339,3018.0,672,-20,11,-70,3,-8,-44,62,94.0,0,105,100,0,2.5918734458148700
Bihar,Begusarai,2954367,1917.0,1540,-20,11,-70,3,-8,-44,62,94.0,0,159,127,1,2.2227432658460400
Bihar,Bhagalpur,3032226,2569.0,1180,-20,11,-70,3,-8,-44,62,94.0,0,95,66,0,2.0031818514540300
Bihar,Bhojpur,2720155,2473.0,1136,-20,11,-70,3,-8,-44,62,94.0,0,47,24,0,1.6663544860845800
Bihar,Buxar,1707643,1624.0,1003,-20,11,-70,3,-8,-44,62,94.0,0,114,55,0,1.620048586321240
Bihar,Darbhanga,3921971,2278.0,1721,-20,11,-70,3,-8,-44,62,94.0,0,69,61,0,2.4207029447205500
Bihar,East Champaran,5082868,3969.0,1281,-20,11,-70,3,-8,-44,62,94.0,0,83,71,0,2.352366133078150
Bihar,Gaya,4379383,4978.0,880,-20,11,-70,3,-8,-44,62,94.0,0,53,47,1,2.4273313714299600
Bihar,Gopalganj,2558037,2033.0,1258,-20,11,-70,3,-8,-44,62,94.0,0,99,49,0,1.6404153877028500
Bihar,Jamui,1756078,3099.0,567,-20,11,-70,3,-8,-44,62,94.0,0,29,29,0,2.718281828459050
Bihar,Jehanabad,1124176,1569.0,1206,-20,11,-70,3,-8,-44,62,94.0,0,112,105,0,2.553589458062930
Bihar,Kaimur,1626900,3363.0,488,-20,11,-70,3,-8,-44,62,94.0,0,49,17,0,1.4147301065898900
Bihar,Katihar,3068149,3056.0,1004,-20,11,-70,3,-8,-44,62,94.0,0,134,125,0,2.541706792453380
Bihar,Khagaria,1657599,1486.0,1115,-20,11,-70,3,-8,-44,62,94.0,0,145,126,0,2.384442912141440
Bihar,Kishanganj,1690948,1884.0,898,-20,11,-70,3,-8,-44,62,94.0,0,32,20,0,1.8682459574322200
Bihar,Lakhisarai,1000717,1229.0,815,-20,11,-70,3,-8,-44,62,94.0,0,32,27,0,2.325069660277120
Bihar,Madhepura,1994618,1787.0,1116,-20,11,-70,3,-8,-44,62,94.0,0,52,43,0,2.2862732197304800
Bihar,Madhubani,4476044,3501.0,1279,-20,11,-70,3,-8,-44,62,94.0,0,177,156,0,2.414170940252740
Bihar,Munger,1359054,1419.0,958,-20,11,-70,3,-8,-44,62,94.0,0,148,41,1,1.3192020246619300
Bihar,Muzaffarpur,4778610,3173.0,1506,-20,11,-70,3,-8,-44,62,94.0,0,38,21,0,1.7378202168563000
Bihar,Nalanda,2872523,2354.0,1220,-20,11,-70,3,-8,-44,62,94.0,0,91,20,0,1.2458028976623000
Bihar,Nawada,2216653,2492.0,889,-20,11,-70,3,-8,-44,62,94.0,0,70,51,0,2.0721183232272700
Bihar,Patna,5772804,3202.0,1803,-20,11,-70,3,-8,-44,62,94.0,0,217,141,0,1.9150995110043300
Bihar,Purnia,3273127,3228.0,1014,-20,11,-70,3,-8,-44,62,94.0,0,45,43,0,2.6001146899026100
Bihar,Rohtas,2962593,3850.0,763,-20,11,-70,3,-8,-44,62,94.0,0,201,141,0,2.016760552628600
Bihar,Saharsa,1897102,1702.0,1125,-20,11,-70,3,-8,-44,62,94.0,0,57,55,0,2.6245574220414500
Bihar,Samastipur,4254782,2905.0,1465,-20,11,-70,3,-8,-44,62,94.0,0,62,59,0,2.5898835238813200
Bihar,Saran,3943098,2641.0,1493,-20,11,-70,3,-8,-44,62,94.0,0,47,38,0,2.2445625305267500
Bihar,Sheikhpura,634927,689.0,922,-20,11,-70,3,-8,-44,62,94.0,0,52,45,0,2.375919725544990
Bihar,Sheohar,656916,443.0,1882,-20,11,-70,3,-8,-44,62,94.0,0,7,5,0,2.042727070266140
Bihar,Sitamarhi,3419622,2199.0,1491,-20,11,-70,3,-8,-44,62,94.0,0,39,32,0,2.271664495028050
Bihar,Siwan,3318176,2219.0,1495,-20,11,-70,3,-8,-44,62,94.0,0,66,24,1,1.438551009577680
Bihar,Supaul,2228397,2410.0,919,-20,11,-70,3,-8,-44,62,94.0,0,57,54,0,2.57891410565208
Bihar,Vaishali,3495021,2036.0,1717,-20,11,-70,3,-8,-44,62,94.0,0,60,52,0,2.3789677299066300
Bihar,West Champaran,3935042,5229.0,753,-20,11,-70,3,-8,-44,62,94.0,0,42,31,0,2.0919470561092000
Chhattisgarh,Balod,826165,3527.0,234,-39,20,-79,-35,-58,-67,98,86.3,0,24,16,0,1.9477340410546800
Chhattisgarh,Baloda Bazar,1305343,4748.0,275,-39,20,-79,-35,-58,-67,98,86.3,0,19,17,0,2.446691838462350
Chhattisgarh,Balrampur,598855,3806.0,157,-39,20,-79,-35,-58,-67,98,86.3,1,9,9,0,2.718281828459050
Chhattisgarh,Bastar,1302253,4030.0,87,-39,20,-79,-35,-58,-67,98,86.3,0,0,0,0,1.0
Chhattisgarh,Bijapur,229832,6562.0,35,-39,20,-79,-35,-58,-67,98,86.3,0,0,0,0,1.0
Chhattisgarh,Bilaspur,1961922,5818.0,337,-39,20,-79,-35,-58,-67,98,86.3,0,42,41,0,2.6543252418315500
Chhattisgarh,Dhamtari,799199,2029.0,394,-39,20,-79,-35,-58,-67,98,86.3,0,2,2,0,2.718281828459050
Chhattisgarh,Durg,3343079,8542.0,391,-39,20,-79,-35,-58,-67,98,86.3,0,10,0,0,1.0
Chhattisgarh,Gariaband,597653,5823.0,103,-39,20,-79,-35,-58,-67,98,86.3,0,5,4,0,2.225540928492470
Chhattisgarh,Janjgir Champa,1620632,3848.0,421,-39,20,-79,-35,-58,-67,98,86.3,0,15,10,0,1.9477340410546800
Chhattisgarh,Jashpur,852043,5825.0,146,-39,20,-79,-35,-58,-67,98,86.3,0,3,3,0,2.718281828459050
Chhattisgarh,Kabeerdham,584667,4237.0,195,-39,20,-79,-35,-58,-67,98,86.3,0,13,6,0,1.5865128974999700
Chhattisgarh,Kondagaon,578326,7769.0,74,-39,20,-79,-35,-58,-67,98,86.3,0,0,0,0,1.0
Chhattisgarh,Korba,1206563,6615.0,183,-39,20,-79,-35,-58,-67,98,86.3,0,41,12,1,1.340017839359790
Chhattisgarh,Koriya,659039,6578.0,100,-39,20,-79,-35,-58,-67,98,86.3,0,8,7,0,2.398875293967100
Chhattisgarh,Mahasamund,1032275,4779.0,216,-39,20,-79,-35,-58,-67,98,86.3,0,0,0,0,1.0
Chhattisgarh,Mungeli,701707,2750.0,255,-39,20,-79,-35,-58,-67,98,86.3,0,70,70,0,2.718281828459050
Chhattisgarh,Narayanpur,140206,6640.0,20,-39,20,-79,-35,-58,-67,98,86.3,0,0,0,0,1.0
Chhattisgarh,Raigarh,1493627,7068.0,211,-39,20,-79,-35,-58,-67,98,86.3,0,10,10,0,2.718281828459050
Chhattisgarh,Raipur,4062160,13083.0,310,-39,20,-79,-35,-58,-67,98,86.3,0,9,2,1,1.2488488690016800
Chhattisgarh,Rajnandgaon,1537520,8062.0,191,-39,20,-79,-35,-58,-67,98,86.3,0,35,34,0,2.6417156445012600
Chhattisgarh,Sukma,249000,5636.0,49,-39,20,-79,-35,-58,-67,98,86.3,0,0,0,0,1.0
Chhattisgarh,Surajpur,660280,6787.0,150,-39,20,-79,-35,-58,-67,98,86.3,0,8,1,0,1.1331484530668300
Chhattisgarh,Surguja,420661,3265.0,150,-39,20,-79,-35,-58,-67,98,86.3,0,7,7,0,2.718281828459050
Goa,North Goa,817761,1736.0,471,-29,14,-71,-32,-73,-39,72,85.7,0,6,0,0,1.0
Goa,South Goa,639962,1966.0,326,-29,14,-71,-32,-73,-39,72,85.7,0,18,17,0,2.5713844347880300
Gujrat,Ahmedabad,7208200,8707.0,890,-53,30,-84,-45,-68,-55,73,90.3,0,10841,5473,1,1.6567249413479600
Gujrat,Amreli,1513614,6760.0,205,-53,30,-84,-45,-68,-55,73,90.3,0,7,7,0,2.718281828459050
Gujrat,Anand,2090276,2942.0,711,-53,30,-84,-45,-68,-55,73,90.3,0,93,6,0,1.0666427820217500
Gujrat,Aravalli,1051746,3217.0,327,-53,30,-84,-45,-68,-55,73,90.3,0,101,21,0,1.2311156515758000
Gujrat,Banaskantha,3116045,12703.0,290,-53,30,-84,-45,-68,-55,73,90.3,0,102,20,0,1.2166223229510600
Gujrat,Bharuch,1550822,6524.0,238,-53,30,-84,-45,-68,-55,73,90.3,0,37,5,0,1.1446914619352900
Gujrat,Bhavnagar,2877961,11155.0,288,-53,30,-84,-45,-68,-55,73,90.3,0,119,20,1,1.1830161384712800
Gujrat,Botad,656005,2564.0,256,-53,30,-84,-45,-68,-55,73,90.3,0,57,2,0,1.0357105566182200
Gujrat,Dahod,2126558,3642.0,582,-53,30,-84,-45,-68,-55,73,90.3,0,36,18,0,1.6487212707001300
Gujrat,Dang,226769,1764.0,129,-53,30,-84,-45,-68,-55,73,90.3,0,2,0,0,1.0
Gujrat,Devbhumi Dwarka,752484,5684.0,132,-53,30,-84,-45,-68,-55,73,90.3,0,12,1,0,1.086904049521230
Gujrat,Gandhinagar,1387478,649.0,660,-53,30,-84,-45,-68,-55,73,90.3,0,232,94,0,1.4995610227736100
Gujrat,Gir Somnath,1217477,3754.0,324,-53,30,-84,-45,-68,-55,73,90.3,0,44,22,0,1.6487212707001300
Gujrat,Jamnagar,2159130,14125.0,153,-53,30,-84,-45,-68,-55,73,90.3,0,52,19,0,1.4410681585590600
Gujrat,Junagadh,2742291,8839.0,310,-53,30,-84,-45,-68,-55,73,90.3,0,27,19,0,2.0212248796457800
Gujrat,Kheda,2298934,4215.0,541,-53,30,-84,-45,-68,-55,73,90.3,0,63,18,0,1.33071219744735
Gujrat,Kutch,2090313,45652.0,46,-53,30,-84,-45,-68,-55,73,90.3,0,66,53,0,2.2322952205193700
Gujrat,Mahisagar,994624,2500.0,398,-53,30,-84,-45,-68,-55,73,90.3,0,91,49,0,1.7133688813639800
Gujrat,Mehsana,2027727,4386.0,462,-53,30,-84,-45,-68,-55,73,90.3,0,103,41,0,1.4889307612118500
Gujrat,Morbi,960329,4871.0,197,-53,30,-84,-45,-68,-55,73,90.3,0,3,1,0,1.3956124250860900
Gujrat,Narmada,590379,2749.0,214,-53,30,-84,-45,-68,-55,73,90.3,0,18,5,0,1.3201927884341200
Gujrat,Navsari,1330711,2211.0,602,-53,30,-84,-45,-68,-55,73,90.3,1,18,10,0,1.7429089986334600
Gujrat,Panchmahal,2388267,5219.0,458,-53,30,-84,-45,-68,-55,73,90.3,0,78,4,0,1.0526197441660000
Gujrat,Patan,1342746,5738.0,234,-53,30,-84,-45,-68,-55,73,90.3,1,73,25,1,1.4084161194075600
Gujrat,Porbandar,586062,2294.0,255,-53,30,-84,-45,-68,-55,73,90.3,0,7,3,0,1.5350630092552100
Gujrat,Rajkot,3157676,11203.0,282,-53,30,-84,-45,-68,-55,73,90.3,1,94,25,1,1.3046795392274100
Gujrat,Sabarkantha,2427346,7390.0,328,-53,30,-84,-45,-68,-55,73,90.3,0,97,65,0,1.9544387987862500
Gujrat,Surat,4996391,4327.0,653,-53,30,-84,-45,-68,-55,73,90.3,0,1387,368,1,1.3038492308908500
Gujrat,Surendranagar,1755873,10489.0,167,-53,30,-84,-45,-68,-55,73,90.3,0,25,20,0,2.225540928492470
Gujrat,Tapi,806489,3435.0,249,-53,30,-84,-45,-68,-55,73,90.3,0,6,4,0,1.9477340410546800
Gujrat,Vadodara,3639775,7794.0,467,-53,30,-84,-45,-68,-55,73,90.3,0,885,331,1,1.4535535746982400
Gujrat,Valsad,1703068,3034.0,561,-53,30,-84,-45,-68,-55,73,90.3,0,23,17,0,2.094113754057610
Haryana,Ambala,1136784,1569.0,722,-41,21,-72,-22,-87,-57,94,93.8,0,47,5,1,1.1122477621768200
Haryana,Bhiwani,1629109,5140.0,341,-41,21,-72,-22,-87,-57,94,93.8,0,11,5,0,1.5754571033903200
Haryana,Charkhi Dadri,502276,1370.0,367,-41,21,-72,-22,-87,-57,94,93.8,0,7,6,0,2.3564184423836600
Haryana,Faridabad,1798954,783.0,2298,-41,21,-72,-22,-87,-57,94,93.8,0,233,107,1,1.5828507094222800
Haryana,Fatehabad,941522,2538.0,371,-41,21,-72,-22,-87,-57,94,93.8,0,9,3,0,1.3956124250860900
Haryana,Hisar,1742815,3788.0,438,-41,21,-72,-22,-87,-57,94,93.8,0,22,19,0,2.371769648477860
Haryana,Jhajjar,956907,1868.0,522,-41,21,-72,-22,-87,-57,94,93.8,0,93,3,0,1.0327839958199100
Haryana,Jind,1332042,2702.0,493,-41,21,-72,-22,-87,-57,94,93.8,0,27,9,0,1.3956124250860900
Haryana,Kaithal,1072861,2799.0,467,-41,21,-72,-22,-87,-57,94,93.8,0,6,2,0,1.3956124250860900
Haryana,Karnal,1506323,2471.0,598,-41,21,-72,-22,-87,-57,94,93.8,0,36,19,1,1.6951610952772700
Haryana,Kurukshetra,964231,1530.0,630,-41,21,-72,-22,-87,-57,94,93.8,0,21,18,0,2.3564184423836600
Haryana,Mahendragarh,921680,1900.0,485,-41,21,-72,-22,-87,-57,94,93.8,0,36,30,0,2.300975890892830
Haryana,Nuh,1089406,1765.0,729,-41,21,-72,-22,-87,-57,94,93.8,0,66,1,1,1.0152668812779900
Haryana,Palwal,1040493,1367.0,761,-41,21,-72,-22,-87,-57,94,93.8,0,43,4,1,1.0974872579307900
Haryana,Panchkula,558890,816.0,622,-41,21,-72,-22,-87,-57,94,93.8,0,25,0,0,1.0
Haryana,Panipat,1202811,1250.0,949,-41,21,-72,-22,-87,-57,94,93.8,0,59,23,0,1.4767304793685600
Haryana,Rewari,896129,1559.0,562,-41,21,-72,-22,-87,-57,94,93.8,0,18,14,0,2.1766299317162500
Haryana,Rohtak,1058683,1668.0,607,-41,21,-72,-22,-87,-57,94,93.8,0,19,7,0,1.4454505216092200
Haryana,Sirsa,1295114,4276.0,303,-41,21,-72,-22,-87,-57,94,93.8,0,10,1,0,1.1051709180756500
Haryana,Sonipat,1480080,2260.0,697,-41,21,-72,-22,-87,-57,94,93.8,0,163,38,0,1.2625441279091000
Haryana,Yamunanagar,1214162,1756.0,687,-41,21,-72,-22,-87,-57,94,93.8,0,8,0,0,1.0
Himachal Pradesh,Bilaspur,382056,1167.0,327,-13,10,-64,-13,-37,-21,95,93.7,0,42,41,0,2.6543252418315500
Himachal Pradesh,Chamba,518844,6528.0,80,-13,10,-64,-13,-37,-21,95,93.7,0,20,9,1,1.568312185490170
Himachal Pradesh,Hamirpur,454293,1118.0,406,-13,10,-64,-13,-37,-21,95,93.7,0,78,71,0,2.4849596208370000
Himachal Pradesh,Kangra,1507223,5739.0,263,-13,10,-64,-13,-37,-21,95,93.7,0,64,45,1,2.0200555277087000
Himachal Pradesh,Kinnaur,84298,6401.0,13,-13,10,-64,-13,-37,-21,95,93.7,0,0,0,0,1.0
Himachal Pradesh,Kullu,437474,5503.0,79,-13,10,-64,-13,-37,-21,95,93.7,0,1,1,0,2.718281828459050
Himachal Pradesh,Lahaul and Spiti,31528,13835.0,2,-13,10,-64,-13,-37,-21,95,93.7,0,0,0,0,1.0
Himachal Pradesh,Mandi,999518,3950.0,253,-13,10,-64,-13,-37,-21,95,93.7,0,11,8,0,2.0694290071569600
Himachal Pradesh,Shimla,813384,5131.0,159,-13,10,-64,-13,-37,-21,95,93.7,0,9,7,0,2.1766299317162500
Himachal Pradesh,Sirmaur,530164,2825.0,188,-13,10,-64,-13,-37,-21,95,93.7,0,4,2,1,1.6487212707001300
Himachal Pradesh,Solan,576670,1936.0,298,-13,10,-64,-13,-37,-21,95,93.7,0,20,14,1,2.0137527074704800
Himachal Pradesh,Una,521057,1540.0,328,-13,10,-64,-13,-37,-21,95,93.7,0,31,14,1,1.5708437623186200
Jharkhand,Bokaro,2061918,2861.0,716,-30,18,-76,-32,-44,-53,113,60.1,0,17,7,1,1.5094792229587000
Jharkhand,Chatra,1042304,3700.0,275,-30,18,-76,-32,-44,-53,113,60.1,0,1,1,0,2.718281828459050
Jharkhand,Deoghar,1491879,2479.0,602,-30,18,-76,-32,-44,-53,113,60.1,0,5,0,0,1.0
Jharkhand,Dhanbad,2682662,2075.0,1284,-30,18,-76,-32,-44,-53,113,60.1,0,11,9,0,2.2663754066284700
Jharkhand,Dumka,1321096,4404.0,300,-30,18,-76,-32,-44,-53,113,60.1,0,2,0,0,1.0
Jharkhand,East Singhbhum,2291032,3533.0,648,-30,18,-76,-32,-44,-53,113,60.1,0,28,28,0,2.718281828459050
Jharkhand,Garhwa,1322387,4064.0,327,-30,18,-76,-32,-44,-53,113,60.1,0,55,52,0,2.5739831050417400
Jharkhand,Giridih,2445203,4887.0,497,-30,18,-76,-32,-44,-53,113,60.1,0,16,13,0,2.2535347872132100
Jharkhand,Godda,1311382,2110.0,622,-30,18,-76,-32,-44,-53,113,60.1,0,1,0,0,1.0
Jharkhand,Gumla,1025656,5327.0,193,-30,18,-76,-32,-44,-53,113,60.1,0,11,11,0,2.718281828459050
Jharkhand,Hazaribagh,1734005,4302.0,403,-30,18,-76,-32,-44,-53,113,60.1,0,48,40,0,2.300975890892830
Jharkhand,Jamtara,790207,1802.0,439,-30,18,-76,-32,-44,-53,113,60.1,0,2,0,0,1.0
Jharkhand,Khunti,530299,2467.0,215,-30,18,-76,-32,-44,-53,113,60.1,0,1,1,0,2.718281828459050
Jharkhand,Koderma,717169,1312.0,427,-30,18,-76,-32,-44,-53,113,60.1,0,31,29,0,2.5484462786189100
Jharkhand,Latehar,725673,3630.0,200,-30,18,-76,-32,-44,-53,113,60.1,0,9,9,0,2.718281828459050
Jharkhand,Lohardaga,461738,1494.0,310,-30,18,-76,-32,-44,-53,113,60.1,0,2,2,0,2.718281828459050
Jharkhand,Pakur,899200,1805.0,498,-30,18,-76,-32,-44,-53,113,60.1,0,4,4,0,2.718281828459050
Jharkhand,Palamu,1936319,5082.0,381,-30,18,-76,-32,-44,-53,113,60.1,0,17,2,0,1.1248470364630200
Jharkhand,Ramgarh,949159,1212.0,684,-30,18,-76,-32,-44,-53,113,60.1,0,11,11,0,2.718281828459050
Jharkhand,Ranchi,2912022,7974.0,557,-30,18,-76,-32,-44,-53,113,60.1,0,126,24,1,1.209825567923890
Jharkhand,Sahibganj,1150038,1599.0,719,-30,18,-76,-32,-44,-53,113,60.1,0,0,0,0,1.0
Jharkhand,Simdega,599813,3750.0,160,-30,18,-76,-32,-44,-53,113,60.1,0,10,8,0,2.225540928492470
Jharkhand,West Singhbhum,1501619,7186.0,209,-30,18,-76,-32,-44,-53,113,60.1,0,14,14,0,2.718281828459050
Karnataka,Bagalkote,1890826,6583.0,288,-33,18,-70,-16,-71,-41,52,87.5,0,78,7,1,1.0938937621624100
Karnataka,Ballari,2532383,8439.0,300,-33,18,-70,-16,-71,-41,52,87.5,0,38,23,0,1.8317341807763700
Karnataka,Bengaluru Rural,987257,2239.0,441,-33,18,-70,-16,-71,-41,52,87.5,0,13,6,0,1.5865128974999700
Karnataka,Bengaluru Urban,9588910,2190.0,4378,-33,18,-70,-16,-71,-41,52,87.5,0,284,122,1,1.5366081153243800
Karnataka,Bidar,1700018,5448.0,312,-33,18,-70,-16,-71,-41,52,87.5,0,109,82,1,2.121861093736690
Karnataka,Chamarajanagara,1020962,5102.0,200,-33,18,-70,-16,-71,-41,52,87.5,0,0,0,0,1.0
Karnataka,Chikkaballapura,1254377,4208.0,298,-33,18,-70,-16,-71,-41,52,87.5,0,131,110,0,2.3156597971264500
Karnataka,Chikkamagaluru,1137753,7201.0,158,-33,18,-70,-16,-71,-41,52,87.5,0,13,12,0,2.5170231739337400
Karnataka,Chitradurga,1660378,8437.0,197,-33,18,-70,-16,-71,-41,52,87.5,0,31,26,0,2.3133800436339500
Karnataka,Dakshina Kannada,2083625,4559.0,457,-33,18,-70,-16,-71,-41,52,87.5,0,78,56,1,2.0502233079983900
Karnataka,Davanagere,1946905,5926.0,329,-33,18,-70,-16,-71,-41,52,87.5,0,140,84,0,1.8221188003905100
Karnataka,Dharwad,1846993,4265.0,434,-33,18,-70,-16,-71,-41,52,87.5,0,43,32,1,2.1047275872174800
Karnataka,Gadag,1065235,4651.0,229,-33,18,-70,-16,-71,-41,52,87.5,1,35,28,0,2.225540928492470
Karnataka,Hassan,1776221,6814.0,261,-33,18,-70,-16,-71,-41,52,87.5,1,128,128,0,2.718281828459050
Karnataka,Haveri,1598506,4825.0,331,-33,18,-70,-16,-71,-41,52,87.5,1,6,3,0,1.6487212707001300
Karnataka,Kodagu,554762,4102.0,135,-33,18,-70,-16,-71,-41,52,87.5,1,3,2,0,1.9477340410546800
Karnataka,Kolar,1540231,4012.0,384,-33,18,-70,-16,-71,-41,52,87.5,1,19,19,0,2.718281828459050
Karnataka,Koppal,1391292,5565.0,250,-33,18,-70,-16,-71,-41,52,87.5,1,4,4,0,2.718281828459050
Karnataka,Mandya,1808680,4961.0,365,-33,18,-70,-16,-71,-41,52,87.5,1,255,228,0,2.4451773279329100
Karnataka,Mysuru,2994744,6854.0,437,-33,18,-70,-16,-71,-41,52,87.5,1,90,2,1,1.0224709749983300
Karnataka,Raichur,1924773,6839.0,228,-33,18,-70,-16,-71,-41,52,87.5,1,71,71,0,2.718281828459050
Karnataka,Ramanagara,1082739,3573.0,303,-33,18,-70,-16,-71,-41,52,87.5,1,1,1,0,2.718281828459050
Karnataka,Shivamogga,1755512,8495.0,207,-33,18,-70,-16,-71,-41,52,87.5,1,36,32,0,2.4324254542872100
Karnataka,Tumakuru,2681449,10598.0,253,-33,18,-70,-16,-71,-41,52,87.5,1,28,21,0,2.117000016612680
Karnataka,Udupi,1177908,3879.0,304,-33,18,-70,-16,-71,-41,52,87.5,1,120,116,0,2.6291659501332500
Karnataka,Uttara Kannada,1353299,10291.0,132,-33,18,-70,-16,-71,-41,52,87.5,1,77,37,0,1.6169141394575500
Karnataka,Vijayapura,2175102,10517.0,207,-33,18,-70,-16,-71,-41,52,87.5,1,79,30,0,1.46191443766062
Karnataka,Yadgir,1172985,5225.0,224,-33,18,-70,-16,-71,-41,52,87.5,1,155,154,0,2.7008009768181600
Kerala,Alappuzha,2121943,1415.0,1501,-24,19,-72,8,-12,-32,65,33.5,0,35,28,0,2.225540928492470
Kerala,Ernakulam,3279860,3063.0,1069,-24,19,-72,8,-12,-32,65,33.5,0,41,13,1,1.37310303920387
Kerala,Idukki,1107453,4356.0,254,-24,19,-72,8,-12,-32,65,33.5,0,26,2,0,1.0799589994281900
Kerala,Kannur,2525637,2961.0,852,-24,19,-72,8,-12,-32,65,33.5,0,195,78,1,1.4918246976412700
Kerala,Kasaragod,1302600,1989.0,654,-24,19,-72,8,-12,-32,65,33.5,0,242,49,1,1.2244347866211700
Kerala,Kollam,2629703,2483.0,1056,-24,19,-72,8,-12,-32,65,33.5,0,47,24,0,1.6663544860845800
Kerala,Kottayam,1979384,2206.0,896,-24,19,-72,8,-12,-32,65,33.5,0,40,16,0,1.4918246976412700
Kerala,Kozhikode,3089543,2345.0,1318,-24,19,-72,8,-12,-32,65,33.5,0,53,28,0,1.6960497773514300
Kerala,Malappuram,4110956,3554.0,1058,-24,19,-72,8,-12,-32,65,33.5,0,82,46,1,1.7523813068957800
Kerala,Palakkad,2810892,4482.0,627,-24,19,-72,8,-12,-32,65,33.5,0,104,89,0,2.353183825949730
Kerala,Pathanamthitta,1195537,2652.0,453,-24,19,-72,8,-12,-32,65,33.5,0,33,16,1,1.6239289403637000
Kerala,Thrissur,3110327,3027.0,1026,-24,19,-72,8,-12,-32,65,33.5,1,38,22,0,1.7841593794445300
Kerala,Thiruvananthapuram,3307284,2189.0,1509,-24,19,-72,8,-12,-32,65,33.5,0,42,25,1,1.8134626703885200
Kerala,Wayanad,816558,2130.0,383,-24,19,-72,8,-12,-32,65,33.5,0,26,10,1,1.4690491938490200
Madhya Pradesh,Alirajpur,728677,3182.0,229,-42,22,-77,-29,-67,-51,105,78.0,0,3,0,0,1.0
Madhya Pradesh,Anuppur,749521,3747.0,200,-42,22,-77,-29,-67,-51,105,78.0,0,3,0,0,1.0
Madhya Pradesh,Ashoknagar,844979,4674.0,181,-42,22,-77,-29,-67,-51,105,78.0,1,12,9,0,2.117000016612680
Madhya Pradesh,Balaghat,1701156,9229.0,184,-42,22,-77,-29,-67,-51,105,78.0,0,6,6,0,2.718281828459050
Madhya Pradesh,Barwani,1385659,5432.0,256,-42,22,-77,-29,-67,-51,105,78.0,0,41,15,0,1.4417442402537000
Madhya Pradesh,Betul,1575247,10043.0,157,-42,22,-77,-29,-67,-51,105,78.0,0,21,20,0,2.5918734458148700
Madhya Pradesh,Bhind,1703562,4459.0,382,-42,22,-77,-29,-67,-51,105,78.0,0,51,41,0,2.2342856753322800
Madhya Pradesh,Bhopal,2368145,2772.0,854,-42,22,-77,-29,-67,-51,105,78.0,0,1303,428,1,1.388845400970180
Madhya Pradesh,Burhanpur,756993,3427.0,221,-42,22,-77,-29,-67,-51,105,78.0,0,293,181,0,1.8547454079888100
Madhya Pradesh,Chhatarpur,1762857,8687.0,203,-42,22,-77,-29,-67,-51,105,78.0,0,9,9,0,2.718281828459050
Madhya Pradesh,Chhindwara,2090306,11815.0,177,-42,22,-77,-29,-67,-51,105,78.0,0,5,0,0,1.0
Madhya Pradesh,Damoh,1263703,7306.0,173,-42,22,-77,-29,-67,-51,105,78.0,0,10,9,0,2.45960311115695
Madhya Pradesh,Datia,786375,2694.0,292,-42,22,-77,-29,-67,-51,105,78.0,0,7,3,0,1.5350630092552100
Madhya Pradesh,Dewas,1563107,7020.0,223,-42,22,-77,-29,-67,-51,105,78.0,0,83,22,0,1.3035094980817700
Madhya Pradesh,Dhar,2184672,8153.0,268,-42,22,-77,-29,-67,-51,105,78.0,0,114,7,0,1.0633278897646300
Madhya Pradesh,Dindori,704218,7427.0,94,-42,22,-77,-29,-67,-51,105,78.0,0,16,14,0,2.398875293967100
Madhya Pradesh,Guna,1240938,6485.0,194,-42,22,-77,-29,-67,-51,105,78.0,1,2,1,0,1.6487212707001300
Madhya Pradesh,Gwalior,2030543,5465.0,445,-42,22,-77,-29,-67,-51,105,78.0,0,117,75,0,1.8984269857318100
Madhya Pradesh,Harda,570302,3339.0,171,-42,22,-77,-29,-67,-51,105,78.0,0,3,0,0,1.0
Madhya Pradesh,Hoshangabad,1240975,6698.0,185,-42,22,-77,-29,-67,-51,105,78.0,0,37,0,1,1.0
Madhya Pradesh,Indore,3272335,3898.0,839,-42,22,-77,-29,-67,-51,105,78.0,0,3103,1502,1,1.622629036361390
Madhya Pradesh,Jabalpur,2460714,5210.0,472,-42,22,-77,-29,-67,-51,105,78.0,0,213,53,0,1.282519228688480
Madhya Pradesh,Jhabua,1024091,6782.0,285,-42,22,-77,-29,-67,-51,105,78.0,0,13,6,0,1.5865128974999700
Madhya Pradesh,Katni,1291684,4947.0,261,-42,22,-77,-29,-67,-51,105,78.0,0,0,0,0,1.0
Madhya Pradesh,Khandwa,1309443,7349.0,178,-42,22,-77,-29,-67,-51,105,78.0,0,232,36,0,1.1678592987994500
Madhya Pradesh,Khargone,1872413,8010.0,233,-42,22,-77,-29,-67,-51,105,78.0,1,119,16,1,1.1439117879080400
Madhya Pradesh,Mandla,1053522,5805.0,182,-42,22,-77,-29,-67,-51,105,78.0,0,2,0,0,1.0
Madhya Pradesh,Mandsaur,1339832,5530.0,242,-42,22,-77,-29,-67,-51,105,78.0,0,90,28,0,1.3649408728579000
Madhya Pradesh,Morena,1965137,4991.0,394,-42,22,-77,-29,-67,-51,105,78.0,0,85,54,1,1.8875772295975400
Madhya Pradesh,Narsinghpur,1092141,5133.0,213,-42,22,-77,-29,-67,-51,105,78.0,1,5,5,0,2.718281828459050
Madhya Pradesh,Neemuch,825958,4267.0,194,-42,22,-77,-29,-67,-51,105,78.0,0,90,40,0,1.5596234976067800
Madhya Pradesh,Panna,1016028,7135.0,142,-42,22,-77,-29,-67,-51,105,78.0,0,4,3,0,2.117000016612680
Madhya Pradesh,Raisen,1331699,8466.0,157,-42,22,-77,-29,-67,-51,105,78.0,0,68,1,0,1.0148145458516300
Madhya Pradesh,Rajgarh,1546541,6143.0,251,-42,22,-77,-29,-67,-51,105,78.0,0,3,3,0,2.718281828459050
Madhya Pradesh,Ratlam,1454483,4861.0,299,-42,22,-77,-29,-67,-51,105,78.0,0,31,4,0,1.137726824439090
Madhya Pradesh,Rewa,2363744,6314.0,374,-42,22,-77,-29,-67,-51,105,78.0,0,30,28,0,2.5429716378079500
Madhya Pradesh,Sagar,2378295,10252.0,272,-42,22,-77,-29,-67,-51,105,78.0,0,86,64,0,2.1047275872174800
Madhya Pradesh,Satna,2228619,7502.0,297,-42,22,-77,-29,-67,-51,105,78.0,0,14,8,0,1.770794952435160
Madhya Pradesh,Sehore,1311008,6578.0,199,-42,22,-77,-29,-67,-51,105,78.0,0,5,2,0,1.4918246976412700
Madhya Pradesh,Seoni,1378876,8758.0,157,-42,22,-77,-29,-67,-51,105,78.0,0,2,1,0,1.6487212707001300
Madhya Pradesh,Shahdol,1064989,6205.0,172,-42,22,-77,-29,-67,-51,105,78.0,0,7,4,0,1.770794952435160
Madhya Pradesh,Shajapur,1512353,6196.0,244,-42,22,-77,-29,-67,-51,105,78.0,0,9,1,0,1.1175190687418600
Madhya Pradesh,Sheopur,687952,6585.0,104,-42,22,-77,-29,-67,-51,105,78.0,0,6,2,0,1.3956124250860900
Madhya Pradesh,Shivpuri,1725818,10290.0,168,-42,22,-77,-29,-67,-51,105,78.0,0,6,3,0,1.6487212707001300
Madhya Pradesh,Sidhi,1126515,10520.0,232,-42,22,-77,-29,-67,-51,105,78.0,0,9,5,0,1.7429089986334600
Madhya Pradesh,Singrauli,1178132,5672.0,208,-42,22,-77,-29,-67,-51,105,78.0,0,11,11,0,2.718281828459050
Madhya Pradesh,Tikamgarh,1444920,5055.0,286,-42,22,-77,-29,-67,-51,105,78.0,0,6,2,0,1.3956124250860900
Madhya Pradesh,Ujjain,1986864,6091.0,356,-42,22,-77,-29,-67,-51,105,78.0,0,601,299,1,1.6446114566180800
Madhya Pradesh,Umaria,643579,4062.0,158,-42,22,-77,-29,-67,-51,105,78.0,0,5,4,0,2.225540928492470
Madhya Pradesh,Vidisha,1458212,7362.0,198,-42,22,-77,-29,-67,-51,105,78.0,0,20,5,0,1.2840254166877400
Maharashtra,Ahmednagar,4543083,17048.0,266,-59,29,-83,-41,-73,-66,59,83.4,0,84,32,1,1.4636779048023600
Maharashtra,Akola,1818617,5429.0,321,-59,29,-83,-41,-73,-66,59,83.4,0,437,235,0,1.7121629205611600
Maharashtra,Amravati,2887826,12235.0,237,-59,29,-83,-41,-73,-66,59,83.4,0,193,96,1,1.6444555000668400
Maharashtra,Aurangabad,3695928,10107.0,365,-59,29,-83,-41,-73,-66,59,83.4,0,59,41,1,2.0035392752824100
Maharashtra,Beed,2585962,10693.0,242,-59,29,-83,-41,-73,-66,59,83.4,0,32,31,0,2.6346490888156300
Maharashtra,Bhandara,1198810,3890.0,293,-59,29,-83,-41,-73,-66,59,83.4,1,14,13,0,2.530891035224010
Maharashtra,Buldhana,2588039,9661.0,268,-59,29,-83,-41,-73,-66,59,83.4,0,49,19,1,1.473668841601060
Maharashtra,Chandrapur,2194262,11443.0,192,-59,29,-83,-41,-73,-66,59,83.4,0,25,21,0,2.3163669767810900
Maharashtra,Dhule,2048781,8095.0,285,-59,29,-83,-41,-73,-66,59,83.4,0,129,58,0,1.567704430339670
Maharashtra,Gadchiroli,1071795,14412.0,74,-59,29,-83,-41,-73,-66,59,83.4,0,26,26,0,2.718281828459050
Maharashtra,Gondia,1322331,5431.0,253,-59,29,-83,-41,-73,-66,59,83.4,1,47,46,0,2.6610569786332600
Maharashtra,Hingoli,1178973,4526.0,244,-59,29,-83,-41,-73,-66,59,83.4,0,133,41,0,1.3610693488302400
Maharashtra,Jalgaon,4224442,11765.0,359,-59,29,-83,-41,-73,-66,59,83.4,0,447,202,0,1.5712972718823600
Maharashtra,Jalna,1958483,7718.0,255,-59,29,-83,-41,-73,-66,59,83.4,0,73,57,0,2.183265993448840
Maharashtra,Kolhapur,3874015,7685.0,504,-59,29,-83,-41,-73,-66,59,83.4,0,340,321,1,2.570544250369830
Maharashtra,Latur,2455543,7157.0,343,-59,29,-83,-41,-73,-66,59,83.4,0,82,37,0,1.570225928005120
Maharashtra,Mumbai,3145966,69.0,20038,-59,29,-83,-41,-73,-66,59,83.4,0,32974,23896,1,2.0640956357971800
Maharashtra,Mumbai Suburban,9332481,369.0,20925,-59,29,-83,-41,-73,-66,59,83.4,0,0,0,1,1.0
Maharashtra,Nanded,3356566,10528.0,319,-59,29,-83,-41,-73,-66,59,83.4,0,105,39,0,1.4498042849539200
Maharashtra,Nandurbar,1646177,5055.0,276,-59,29,-83,-41,-73,-66,59,83.4,0,32,10,0,1.3668379411738000
Maharashtra,Nagpur,4653171,9892.0,470,-59,29,-83,-41,-73,-66,59,83.4,0,481,140,1,1.3378452416266700
Maharashtra,Nashik,6109052,15539.0,393,-59,29,-83,-41,-73,-66,59,83.4,0,992,215,0,1.2420135222945300
Maharashtra,Osmanabad,1660311,7569.0,219,-59,29,-83,-41,-73,-66,59,83.4,0,37,29,0,2.1897421206865100
Maharashtra,Palghar,2990116,5344.0,560,-59,29,-83,-41,-73,-66,59,83.4,0,752,470,1,1.8682459574322200
Maharashtra,Parbhani,1835982,6511.0,295,-59,29,-83,-41,-73,-66,59,83.4,0,25,23,0,2.509290389936300
Maharashtra,Pune,9426959,15643.0,603,-59,29,-83,-41,-73,-66,59,83.4,0,6335,3223,1,1.6632289313588200
Maharashtra,Raigad,2635394,7152.0,368,-59,29,-83,-41,-73,-66,59,83.4,0,845,398,0,1.601604464595860
Maharashtra,Ratnagiri,1612672,8208.0,196,-59,29,-83,-41,-73,-66,59,83.4,1,171,104,0,1.837097966644040
Maharashtra,Sangli,2820575,8572.0,329,-59,29,-83,-41,-73,-66,59,83.4,0,87,41,1,1.6020184538165100
Maharashtra,Satara,3003922,10475.0,287,-59,29,-83,-41,-73,-66,59,83.4,0,339,206,0,1.8361474813762200
Maharashtra,Sindhudurg,848868,5207.0,163,-59,29,-83,-41,-73,-66,59,83.4,0,19,12,0,1.8805775692915300
Maharashtra,Solapur,4315527,14895.0,290,-59,29,-83,-41,-73,-66,59,83.4,0,646,328,0,1.6615317835827500
Maharashtra,Thane,11060148,4214.0,1157,-59,29,-83,-41,-73,-66,59,83.4,0,7315,5052,1,1.9949833014561200
Maharashtra,Wardha,1296157,6309.0,205,-59,29,-83,-41,-73,-66,59,83.4,0,7,6,0,2.3564184423836600
Maharashtra,Washim,1196714,5155.0,244,-59,29,-83,-41,-73,-66,59,83.4,0,8,7,0,2.398875293967100
Maharashtra,Yavatmal,2775457,13582.0,204,-59,29,-83,-41,-73,-66,59,83.4,0,115,24,1,1.232069963647600
Manipur,Bishnupur,240363,496.0,415,-24,11,-75,-17,-13,-22,71,45.4,0,0,0,0,1.0
Manipur,Chandel,144028,3317.0,37,-24,11,-75,-17,-13,-22,71,45.4,0,0,0,0,1.0
Manipur,Churachandpur,271274,4574.0,50,-24,11,-75,-17,-13,-22,71,45.4,0,17,17,0,2.718281828459050
Manipur,Imphal East,452661,710.0,555,-24,11,-75,-17,-13,-22,71,45.4,0,3,2,0,1.9477340410546800
Manipur,Imphal West,514683,519.0,847,-24,11,-75,-17,-13,-22,71,45.4,0,10,9,0,2.45960311115695
Manipur,Jiribam,43818,232.0,190,-24,11,-75,-17,-13,-22,71,45.4,0,0,0,0,1.0
Manipur,Kamjong,45616,2000.0,23,-24,11,-75,-17,-13,-22,71,45.4,0,0,0,0,1.0
Manipur,Pherzawl,47250,2285.0,21,-24,11,-75,-17,-13,-22,71,45.4,0,0,0,0,1.0
Manipur,Senapati,354772,3269.0,116,-24,11,-75,-17,-13,-22,71,45.4,0,0,0,0,1.0
Manipur,Tamenglong,140143,4391.0,25,-24,11,-75,-17,-13,-22,71,45.4,0,0,0,0,1.0
Manipur,Thoubal,420517,514.0,713,-24,11,-75,-17,-13,-22,71,45.4,0,0,0,0,1.0
Manipur,Ukhrul,183115,4547.0,31,-24,11,-75,-17,-13,-22,71,45.4,0,0,0,0,1.0
Meghalaya,East Garo Hills,317618,2603.0,121,-14,16,-69,-42,-19,-24,58,44.7,0,0,0,0,1.0
Meghalaya,East Khasi Hills,824059,2752.0,292,-14,16,-69,-42,-19,-24,58,44.7,0,13,0,0,1.0
Meghalaya,East Jaintia Hills,122436,2115.0,58,-14,16,-69,-42,-19,-24,58,44.7,0,0,0,0,1.0
Meghalaya,North Garo Hills,118325,1113.0,106,-14,16,-69,-42,-19,-24,58,44.7,0,1,1,0,2.718281828459050
Meghalaya,Ribhoi,258380,2378.0,109,-14,16,-69,-42,-19,-24,58,44.7,0,0,0,0,1.0
Meghalaya,South Garo Hills,142574,1850.0,77,-14,16,-69,-42,-19,-24,58,44.7,0,0,0,0,1.0
Meghalaya,South West Garo Hills,172495,822.0,210,-14,16,-69,-42,-19,-24,58,44.7,0,0,0,0,1.0
Meghalaya,South West Khasi Hills,110152,1341.0,82,-14,16,-69,-42,-19,-24,58,44.7,0,0,0,0,1.0
Meghalaya,West Jaintia Hills,270352,1693.0,160,-14,16,-69,-42,-19,-24,58,44.7,0,0,0,0,1.0
Meghalaya,West Garo Hills,642923,3714.0,173,-14,16,-69,-42,-19,-24,58,44.7,0,1,1,0,2.718281828459050
Meghalaya,West Khasi Hills,385601,5247.0,73,-14,16,-69,-42,-19,-24,58,44.7,0,0,0,0,1.0
Mizoram,Aizawl,404054,3577.0,113,-13,5,-74,-11,-14,15,97,60.4,0,1,0,0,1.0
Mizoram,Champhai,125370,3168.0,39,-13,5,-74,-11,-14,15,97,60.4,0,0,0,0,1.0
Mizoram,Kolasib,83054,1386.0,60,-13,5,-74,-11,-14,15,97,60.4,0,0,0,0,1.0
Mizoram,Lawngtlai,117444,2519.0,46,-13,5,-74,-11,-14,15,97,60.4,0,0,0,0,1.0
Mizoram,Lunglei,154094,4572.0,34,-13,5,-74,-11,-14,15,97,60.4,0,0,0,0,1.0
Mizoram,Mamit,85757,2967.0,28,-13,5,-74,-11,-14,15,97,60.4,0,0,0,0,1.0
Mizoram,Saiha,56366,1414.0,40,-13,5,-74,-11,-14,15,97,60.4,0,0,0,0,1.0
Mizoram,Serchhip,64875,1424.0,46,-13,5,-74,-11,-14,15,97,60.4,0,0,0,0,1.0
Nagaland,Dimapur,379769,926.0,410,-8,11,-68,-38,-61,-47,67,53.8,0,6,6,0,2.718281828459050
Nagaland,Kiphire,74033,1255.0,66,-8,11,-68,-38,-61,-47,67,53.8,0,0,0,0,1.0
Nagaland,Kohima,270063,1041.0,213,-8,11,-68,-38,-61,-47,67,53.8,0,3,3,0,2.718281828459050
Nagaland,Longleng,50593,885.0,89,-8,11,-68,-38,-61,-47,67,53.8,0,0,0,0,1.0
Nagaland,Mokokchung,193171,1615.0,120,-8,11,-68,-38,-61,-47,67,53.8,0,0,0,0,1.0
Nagaland,Mon,259604,1786.0,145,-8,11,-68,-38,-61,-47,67,53.8,0,0,0,0,1.0
Nagaland,Peren,163294,2300.0,55,-8,11,-68,-38,-61,-47,67,53.8,0,0,0,0,1.0
Nagaland,Phek,163294,2026.0,81,-8,11,-68,-38,-61,-47,67,53.8,0,0,0,0,1.0
Nagaland,Tuensang,414801,4228.0,98,-8,11,-68,-38,-61,-47,67,53.8,0,0,0,0,1.0
Nagaland,Wokha,166239,1628.0,120,-8,11,-68,-38,-61,-47,67,53.8,0,0,0,0,1.0
Nagaland,Zunheboto,141014,1255.0,112,-8,11,-68,-38,-61,-47,67,53.8,0,0,0,0,1.0
Odisha,Angul,1271703,6347.0,199,-23,14,-72,-21,-32,-47,46,75.3,0,25,10,0,1.4918246976412700
Odisha,Boudh,439917,4289.0,142,-23,14,-72,-21,-32,-47,46,75.3,0,33,29,0,2.4079791741199200
Odisha,Bhadrak,1506522,2788.0,601,-23,14,-72,-21,-32,-47,46,75.3,0,106,32,1,1.35240811523746
Odisha,Balangir,1648574,6552.0,251,-23,14,-72,-21,-32,-47,46,75.3,0,54,50,0,2.524204404943700
Odisha,Bargarh,1478833,5832.0,253,-23,14,-72,-21,-32,-47,46,75.3,1,1,1,0,2.718281828459050
Odisha,Balasore,2317419,3706.0,609,-23,14,-72,-21,-32,-47,46,75.3,0,139,20,0,1.1547511798753700
Odisha,Cuttack,2618708,3915.0,666,-23,14,-72,-21,-32,-47,46,75.3,0,86,71,0,2.2832078259289200
Odisha,Dhenkanal,1192948,4597.0,268,-23,14,-72,-21,-32,-47,46,75.3,0,7,6,0,2.3564184423836600
Odisha,Ganjam,3520151,8033.0,429,-23,14,-72,-21,-32,-47,46,75.3,0,368,82,0,1.2496032325359900
Odisha,Gajapati,575880,3056.0,133,-23,14,-72,-21,-32,-47,46,75.3,0,10,10,0,2.718281828459050
Odisha,Jharsuguda,579499,2202.0,274,-23,14,-72,-21,-32,-47,46,75.3,0,6,4,0,1.9477340410546800
Odisha,Jajpur,1826275,2885.0,630,-23,14,-72,-21,-32,-47,46,75.3,0,242,116,0,1.6150062763876400
Odisha,Jagatsinghpur,1136604,1759.0,681,-23,14,-72,-21,-32,-47,46,75.3,0,47,42,0,2.443953515482020
Odisha,Khordha,2246341,2888.0,799,-23,14,-72,-21,-32,-47,46,75.3,0,99,39,1,1.4828106786375900
Odisha,Kendujhar,1802777,8336.0,217,-23,14,-72,-21,-32,-47,46,75.3,0,20,13,0,1.9155408290139000
Odisha,Kalahandi,1573054,8197.0,199,-23,14,-72,-21,-32,-47,46,75.3,0,15,13,0,2.3789677299066300
Odisha,Kandhamal,731952,6004.0,91,-23,14,-72,-21,-32,-47,46,75.3,0,13,13,0,2.718281828459050
Odisha,Koraput,1376934,8534.0,156,-23,14,-72,-21,-32,-47,46,75.3,0,7,6,0,2.3564184423836600
Odisha,Kendrapara,1439891,2546.0,545,-23,14,-72,-21,-32,-47,46,75.3,0,61,34,0,1.7460865893651000
Odisha,Malkangiri,612727,6115.0,106,-23,14,-72,-21,-32,-47,46,75.3,0,19,19,0,2.718281828459050
Odisha,Mayurbhanj,2513895,10418.0,241,-23,14,-72,-21,-32,-47,46,75.3,0,16,5,0,1.3668379411738000
Odisha,Nabarangapur,1218762,5135.0,230,-23,14,-72,-21,-32,-47,46,75.3,0,1,1,0,2.718281828459050
Odisha,Nuapada,606490,3408.0,157,-23,14,-72,-21,-32,-47,46,75.3,0,14,14,0,2.718281828459050
Odisha,Nayagarh,962215,3954.0,247,-23,14,-72,-21,-32,-47,46,75.3,0,50,44,0,2.4108997064172100
Odisha,Puri,1697983,3055.0,488,-23,14,-72,-21,-32,-47,46,75.3,0,85,60,0,2.0256332200586400
Odisha,Rayagada,961959,7585.0,136,-23,14,-72,-21,-32,-47,46,75.3,0,0,0,0,1.0
Odisha,Sambalpur,1044410,6702.0,158,-23,14,-72,-21,-32,-47,46,75.3,0,5,5,0,2.718281828459050
Odisha,Subarnapur,652107,2284.0,279,-23,14,-72,-21,-32,-47,46,75.3,0,1,1,0,2.718281828459050
Odisha,Sundargarh,2080664,9942.0,214,-23,14,-72,-21,-32,-47,46,75.3,0,39,12,0,1.3602823761150600
Punjab,Amritsar,2490891,2673.0,932,-34,16,-70,-15,-73,-53,76,97.6,1,331,28,1,1.088273118554990
Punjab,Barnala,596294,1423.0,419,-34,16,-70,-15,-73,-53,76,97.6,1,22,1,0,1.0465034351948700
Punjab,Bathinda,1388859,3355.0,414,-34,16,-70,-15,-73,-53,76,97.6,1,42,1,0,1.0240952335529800
Punjab,Faridkot,618008,1472.0,424,-34,16,-70,-15,-73,-53,76,97.6,1,62,1,0,1.0162598072441500
Punjab,Fatehgarh Sahib,599814,1180.0,508,-34,16,-70,-15,-73,-53,76,97.6,1,57,0,0,1.0
Punjab,Fazilka,1180483,3113.0,379,-34,16,-70,-15,-73,-53,76,97.6,1,44,0,0,1.0
Punjab,Gurdaspur,2299026,3542.0,649,-34,16,-70,-15,-73,-53,76,97.6,1,132,7,0,1.0544615980169800
Punjab,Hoshiarpur,1582793,3397.0,466,-34,16,-70,-15,-73,-53,76,97.6,1,110,17,0,1.167127328093990
Punjab,Jalandhar,2181753,2625.0,831,-34,16,-70,-15,-73,-53,76,97.6,1,230,28,1,1.1294594217571800
Punjab,Kapurthala,817668,1646.0,501,-34,16,-70,-15,-73,-53,76,97.6,1,36,3,0,1.086904049521230
Punjab,Ludhiana,3487882,3744.0,975,-34,16,-70,-15,-73,-53,76,97.6,1,175,33,1,1.2075233315728100
Punjab,Mansa,768808,2174.0,350,-34,16,-70,-15,-73,-53,76,97.6,1,32,0,1,1.0
Punjab,Moga,992289,2235.0,444,-34,16,-70,-15,-73,-53,76,97.6,1,59,0,1,1.0
Punjab,Sri Muktsar Sahib,902702,2596.0,348,-34,16,-70,-15,-73,-53,76,97.6,1,66,1,0,1.0152668812779900
Punjab,Pathankot,626154,929.0,674,-34,16,-70,-15,-73,-53,76,97.6,1,44,15,1,1.406225396378750
Punjab,Patiala,2892282,3175.0,596,-34,16,-70,-15,-73,-53,76,97.6,1,108,5,0,1.0473847011935000
Punjab,Rupnagar,683349,1400.0,488,-34,16,-70,-15,-73,-53,76,97.6,1,60,0,0,1.0
Punjab,S.A.S. Nagar,986147,1188.0,830,-34,16,-70,-15,-73,-53,76,97.6,1,103,1,1,1.0097560205540700
Punjab,Sangrur,1654408,3685.0,449,-34,16,-70,-15,-73,-53,76,97.6,1,89,1,0,1.0112993154817900
Punjab,Shahid Bhagat Singh Nagar,614362,1283.0,479,-34,16,-70,-15,-73,-53,76,97.6,1,106,4,1,1.0384568872793200
Punjab,Tarn Taran,1120070,2414.0,464,-34,16,-70,-15,-73,-53,76,97.6,1,154,2,0,1.0130717104989100
Rajasthan,Ajmer,2584913,8481.0,305,-37,18,-74,-14,-73,-50,103,78.1,0,309,65,0,1.234117311555450
Rajasthan,Alwar,3671999,8380.0,438,-37,18,-74,-14,-73,-50,103,78.1,0,51,17,0,1.3956124250860900
Rajasthan,Bikaner,2367745,27244.0,78,-37,18,-74,-14,-73,-50,103,78.1,0,86,33,1,1.4677357838392300
Rajasthan,Barmer,2604453,28387.0,92,-37,18,-74,-14,-73,-50,103,78.1,1,91,85,0,2.544835303270780
Rajasthan,Banswara,1798194,5037.0,399,-37,18,-74,-14,-73,-50,103,78.1,0,85,12,1,1.1516278584994900
Rajasthan,Bharatpur,2549121,5066.0,503,-37,18,-74,-14,-73,-50,103,78.1,0,151,24,1,1.1722680743158700
Rajasthan,Baran,1223921,6955.0,175,-37,18,-74,-14,-73,-50,103,78.1,0,5,1,0,1.2214027581601700
Rajasthan,Bundi,1113725,5550.0,193,-37,18,-74,-14,-73,-50,103,78.1,0,0,0,0,1.0
Rajasthan,Bhilwara,2410459,10455.0,230,-37,18,-74,-14,-73,-50,103,78.1,0,128,70,1,1.7278450565271600
Rajasthan,Churu,2041172,16830.0,148,-37,18,-74,-14,-73,-50,103,78.1,0,85,34,0,1.4918246976412700
Rajasthan,Chittorgarh,1544392,10856.0,193,-37,18,-74,-14,-73,-50,103,78.1,0,174,24,0,1.1478963822765400
Rajasthan,Dausa,1637226,3429.0,476,-37,18,-74,-14,-73,-50,103,78.1,0,46,11,0,1.2701441967618600
Rajasthan,Dholpur,1207293,3084.0,398,-37,18,-74,-14,-73,-50,103,78.1,0,43,17,0,1.4849020896855400
Rajasthan,Dungarpur,1388906,3771.0,368,-37,18,-74,-14,-73,-50,103,78.1,0,332,323,0,2.6455832893310000
Rajasthan,Ganganagar,1969520,10990.0,179,-37,18,-74,-14,-73,-50,103,78.1,1,2,2,0,2.718281828459050
Rajasthan,Hanumangarh,1779650,9670.0,184,-37,18,-74,-14,-73,-50,103,78.1,0,14,0,0,1.0
Rajasthan,Jhunjhunu,2139658,5928.0,361,-37,18,-74,-14,-73,-50,103,78.1,0,98,41,1,1.5194787477592200
Rajasthan,Jalore,1830151,10640.0,172,-37,18,-74,-14,-73,-50,103,78.1,0,154,132,1,2.3564184423836600
Rajasthan,Jodhpur,3685681,22850.0,161,-37,18,-74,-14,-73,-50,103,78.1,0,1291,280,1,1.2422026504056800
Rajasthan,Jaipur,6663971,11152.0,598,-37,18,-74,-14,-73,-50,103,78.1,0,1875,529,1,1.3259555022680100
Rajasthan,Jaisalmer,672008,38401.0,17,-37,18,-74,-14,-73,-50,103,78.1,0,68,24,1,1.423247420534690
Rajasthan,Jhalawar,1411327,6219.0,227,-37,18,-74,-14,-73,-50,103,78.1,0,135,87,0,1.904928441668330
Rajasthan,Karauli,1458459,5530.0,264,-37,18,-74,-14,-73,-50,103,78.1,0,11,5,0,1.5754571033903200
Rajasthan,Kota,1950491,5446.0,374,-37,18,-74,-14,-73,-50,103,78.1,0,414,85,1,1.2279105802183100
Rajasthan,Nagaur,3309234,17718.0,187,-37,18,-74,-14,-73,-50,103,78.1,0,416,261,0,1.8727423354267200
Rajasthan,Pali,2038533,12387.0,165,-37,18,-74,-14,-73,-50,103,78.1,1,360,274,0,2.1406534033766300
Rajasthan,Pratapgarh,868231,4112.0,211,-37,18,-74,-14,-73,-50,103,78.1,0,13,9,0,1.9983217280388500
Rajasthan,Rajsamand,1158283,3853.0,302,-37,18,-74,-14,-73,-50,103,78.1,0,126,85,0,1.963253752422850
Rajasthan,Sikar,2677737,7732.0,346,-37,18,-74,-14,-73,-50,103,78.1,0,158,123,0,2.178161152146770
Rajasthan,Sawai Madhopur,1338114,4500.0,257,-37,18,-74,-14,-73,-50,103,78.1,0,19,5,0,1.3010321288603400
Rajasthan,Sirohi,1037185,5136.0,202,-37,18,-74,-14,-73,-50,103,78.1,0,139,133,0,2.603442303833490
Rajasthan,Tonk,1421711,7194.0,198,-37,18,-74,-14,-73,-50,103,78.1,0,159,2,1,1.0126580598940300
Rajasthan,Udaipur,3067549,13430.0,242,-37,18,-74,-14,-73,-50,103,78.1,0,517,361,1,2.0102501913250900
Sikkim,East Sikkim,281293,954.0,295,-11,10,-61,-26,-41,-52,107,85.3,0,0,0,0,1.0
Sikkim,North Sikkim,43354,4226.0,10,-11,10,-61,-26,-41,-52,107,85.3,0,0,0,0,1.0
Sikkim,South Sikkim,146742,750.0,196,-11,10,-61,-26,-41,-52,107,85.3,0,1,1,0,2.718281828459050
Sikkim,West Sikkim,136299,1166.0,117,-11,10,-61,-26,-41,-52,107,85.3,0,0,0,0,1.0
Tamil Nadu,Ariyalur,752481,3208.0,387,-35,21,-73,-15,-44,-40,84,92.5,0,362,7,0,1.0195251876114200
Tamil Nadu,Chengalpattu,2556244,2945.0,868,-35,21,-73,-15,-44,-40,84,92.5,0,883,480,1,1.7221979604401700
Tamil Nadu,Chennai,7100000,426.0,17000,-35,21,-73,-15,-44,-40,84,92.5,0,12198,6300,1,1.676114154748890
Tamil Nadu,Coimbatore,3472578,7469.0,748,-35,21,-73,-15,-44,-40,84,92.5,0,145,0,1,1.0
Tamil Nadu,Cuddalore,2600880,3999.0,702,-35,21,-73,-15,-44,-40,84,92.5,0,438,21,1,1.049113168096450
Tamil Nadu,Dharmapuri,1502900,4532.0,332,-35,21,-73,-15,-44,-40,84,92.5,0,8,3,0,1.4549914146182000
Tamil Nadu,Dindigul,2161367,6058.0,357,-35,21,-73,-15,-44,-40,84,92.5,0,134,21,1,1.1696638711403300
Tamil Nadu,Erode,2259608,5714.0,397,-35,21,-73,-15,-44,-40,84,92.5,0,71,1,1,1.0141841610209700
Tamil Nadu,Kallakurichi,1370281,3520.0,389,-35,21,-73,-15,-44,-40,84,92.5,1,228,135,0,1.8077902863112500
Tamil Nadu,Kancheepuram,1166401,1656.0,704,-35,21,-73,-15,-44,-40,84,92.5,0,326,125,0,1.4673170289822000
Tamil Nadu,Kanyakumari,1863178,1685.0,1106,-35,21,-73,-15,-44,-40,84,92.5,0,59,31,1,1.6911752962803800
Tamil Nadu,Karur,1076588,2901.0,371,-35,21,-73,-15,-44,-40,84,92.5,0,80,13,1,1.1764483184486900
Tamil Nadu,Krishnagiri,1883731,5086.0,370,-35,21,-73,-15,-44,-40,84,92.5,0,25,5,0,1.2214027581601700
Tamil Nadu,Madurai,3991038,3676.0,823,-35,21,-73,-15,-44,-40,84,92.5,0,242,100,1,1.5116823058415100
Tamil Nadu,Nagapattinam,1614069,2716.0,668,-35,21,-73,-15,-44,-40,84,92.5,0,52,1,1,1.019416871522530
Tamil Nadu,Nilgiris,735071,2549.0,288,-35,21,-73,-15,-44,-40,84,92.5,0,14,1,0,1.0740414307163000
Tamil Nadu,Namakkal,1721179,3429.0,506,-35,21,-73,-15,-44,-40,84,92.5,0,77,0,1,1.0
Tamil Nadu,Perambalur,564511,1752.0,323,-35,21,-73,-15,-44,-40,84,92.5,0,139,4,0,1.0291950361719500
Tamil Nadu,Pudukkottai,1918725,4651.0,348,-35,21,-73,-15,-44,-40,84,92.5,0,22,15,0,1.977469865420560
Tamil Nadu,Ramanathapuram,1337560,4123.0,320,-35,21,-73,-15,-44,-40,84,92.5,0,65,34,0,1.6872110898240400
Tamil Nadu,Ranipet,1210277,2234.0,524,-35,21,-73,-15,-44,-40,84,92.5,0,97,21,0,1.241716684735870
Tamil Nadu,Salem,3480008,5245.0,663,-35,21,-73,-15,-44,-40,84,92.5,1,68,33,1,1.6246527776329100
Tamil Nadu,Sivaganga,1341250,4086.0,324,-35,21,-73,-15,-44,-40,84,92.5,0,30,4,0,1.1426308117957200
Tamil Nadu,Tenkasi,1407627,2916.0,483,-35,21,-73,-15,-44,-40,84,92.5,0,85,31,0,1.440090389858450
Tamil Nadu,Tiruppur,2471222,5106.0,476,-35,21,-73,-15,-44,-40,84,92.5,0,114,0,1,1.0
Tamil Nadu,Tiruchirappalli,2713858,4407.0,602,-35,21,-73,-15,-44,-40,84,92.5,0,79,11,1,1.1494005048598200
Tamil Nadu,Theni,1243684,3066.0,433,-35,21,-73,-15,-44,-40,84,92.5,0,108,31,1,1.332473563434500
Tamil Nadu,Tirunelveli,1665253,3842.0,433,-35,21,-73,-15,-44,-40,84,92.5,0,302,155,1,1.6707038974652800
Tamil Nadu,Thanjavur,2402781,3397.0,691,-35,21,-73,-15,-44,-40,84,92.5,0,85,16,0,1.2071175095865200
Tamil Nadu,Thoothukkudi,1738376,4594.0,378,-35,21,-73,-15,-44,-40,84,92.5,0,193,113,0,1.7958747479139900
Tamil Nadu,Tirupathur,1111812,1792.0,620,-35,21,-73,-15,-44,-40,84,92.5,0,32,4,0,1.1331484530668300
Tamil Nadu,Thiruvallur,3725697,3424.0,1049,-35,21,-73,-15,-44,-40,84,92.5,0,833,354,1,1.5295445142772200
Tamil Nadu,Thiruvarur,1268094,2377.0,533,-35,21,-73,-15,-44,-40,84,92.5,0,43,10,1,1.2618238060756100
Tamil Nadu,Tiruvannamalai,2468965,6191.0,399,-35,21,-73,-15,-44,-40,84,92.5,0,263,171,0,1.9159050348934000
Tamil Nadu,Vellore,1614242,2080.0,776,-35,21,-73,-15,-44,-40,84,92.5,0,42,8,1,1.209825567923890
Tamil Nadu,Viluppuram,2093003,3725.0,562,-35,21,-73,-15,-44,-40,84,92.5,0,332,25,1,1.0782088636855800
Tamil Nadu,Virudhunagar,1943309,3446.0,454,-35,21,-73,-15,-44,-40,84,92.5,0,128,81,1,1.882898792081920
Telangana,Adilabad,708952,4185.97,171,-47,24,-83,-32,-69,-55,112,85.0,0,21,6,0,1.33071219744735
Telangana,Komaram Bheem,515835,4300.16,106,-47,24,-83,-32,-69,-55,112,85.0,0,7,5,0,2.042727070266140
Telangana,Bhadradri Kothagudem,1304811,8951.0,143,-47,24,-83,-32,-69,-55,112,85.0,0,4,0,0,1.0
Telangana,Hyderabad,3441992,4325.29,18172,-47,24,-83,-32,-69,-55,112,85.0,0,1216,888,1,2.075626753376370
Telangana,Jagtial,983414,3043.23,407,-47,24,-83,-32,-69,-55,112,85.0,0,4,2,0,1.6487212707001300
Telangana,Jangaon,582457,2187.5,259,-47,24,-83,-32,-69,-55,112,85.0,0,3,2,0,1.9477340410546800
Telangana,Jayashankar Bhupalapally,712257,6361.7,115,-47,24,-83,-32,-69,-55,112,85.0,0,3,3,0,2.718281828459050
Telangana,Jogulamba Gadwal,664971,2928.0,208,-47,24,-83,-32,-69,-55,112,85.0,0,45,19,1,1.5253474531238600
Telangana,Kamareddy,972625,3651.0,266,-47,24,-83,-32,-69,-55,112,85.0,0,12,4,0,1.3956124250860900
Telangana,Karimnagar,1016063,2379.07,473,-47,24,-83,-32,-69,-55,112,85.0,0,19,3,1,1.1710429205438200
Telangana,Khammam,1401639,4453.0,321,-47,24,-83,-32,-69,-55,112,85.0,0,8,5,0,1.8682459574322200
Telangana,Mahabubabad,770170,2876.7,269,-47,24,-83,-32,-69,-55,112,85.0,0,1,0,0,1.0
Telangana,Mahabubnagar,1318110,4037.0,281,-47,24,-83,-32,-69,-55,112,85.0,0,11,3,0,1.3135419572539500
Telangana,Mancherial,807037,4056.36,201,-47,24,-83,-32,-69,-55,112,85.0,0,1,0,0,1.0
Telangana,Medak,767428,2740.89,275,-47,24,-83,-32,-69,-55,112,85.0,0,5,1,0,1.2214027581601700
Telangana,Medchal Malkajgiri,2542203,5005.98,2251,-47,24,-83,-32,-69,-55,112,85.0,0,31,21,1,1.9687904213072900
Telangana,Nalgonda,1631399,2449.79,227,-47,24,-83,-32,-69,-55,112,85.0,0,18,6,1,1.3956124250860900
Telangana,Narayanpet,566874,2336.44,243,-47,24,-83,-32,-69,-55,112,85.0,0,2,1,0,1.6487212707001300
Telangana,Nagarkurnool,893308,6545.0,124,-47,24,-83,-32,-69,-55,112,85.0,0,2,0,0,1.0
Telangana,Nirmal,709415,3562.51,185,-47,24,-83,-32,-69,-55,112,85.0,0,20,7,1,1.4190675485932600
Telangana,Nizamabad,1534428,4153.0,366,-47,24,-83,-32,-69,-55,112,85.0,0,61,31,1,1.6622909168057000
Telangana,Peddapalli,795332,4614.74,356,-47,24,-83,-32,-69,-55,112,85.0,0,2,1,0,1.6487212707001300
Telangana,Rajanna Sircilla,546121,2030.89,273,-47,24,-83,-32,-69,-55,112,85.0,0,3,1,0,1.3956124250860900
Telangana,Ranga Reddy,2551731,1038.0,486,-47,24,-83,-32,-69,-55,112,85.0,0,56,37,1,1.936174822613620
Telangana,Sangareddy,1527628,4464.87,347,-47,24,-83,-32,-69,-55,112,85.0,0,9,3,0,1.3956124250860900
Telangana,Siddipet,993376,3425.19,279,-47,24,-83,-32,-69,-55,112,85.0,0,1,0,0,1.0
Telangana,Suryapet,1099560,3374.47,305,-47,24,-83,-32,-69,-55,112,85.0,0,84,60,0,2.042727070266140
Telangana,Vikarabad,881250,3385.0,274,-47,24,-83,-32,-69,-55,112,85.0,0,38,22,0,1.7841593794445300
Telangana,Wanaparthy,751553,2938.0,268,-47,24,-83,-32,-69,-55,112,85.0,0,0,0,0,1.0
Telangana,Warangal Urban,1135707,1304.5,826,-47,24,-83,-32,-69,-55,112,85.0,0,27,4,1,1.1596846887763700
Telangana,Warangal Rural,716457,2175.5,330,-47,24,-83,-32,-69,-55,112,85.0,0,0,0,0,1.0
Telangana,Yadadri Bhuvanagiri,726465,3091.48,239,-47,24,-83,-32,-69,-55,112,85.0,0,0,0,0,1.0
Tripura,Dhalai,377988,2400.0,157,-11,12,-70,-13,-9,-40,152,67.5,0,165,5,0,1.0307668402199400
Tripura,Gomati,436868,1522.8,287,-11,12,-70,-13,-9,-40,152,67.5,0,7,6,0,2.3564184423836600
Tripura,Khowai,327391,1005.67,326,-11,12,-70,-13,-9,-40,152,67.5,0,12,11,0,2.5009400136621300
Tripura,North Tripura,415946,1444.5,288,-11,12,-70,-13,-9,-40,152,67.5,0,7,4,0,1.770794952435160
Tripura,South Tripura,433737,1534.2,283,-11,12,-70,-13,-9,-40,152,67.5,0,4,4,0,2.718281828459050
Tripura,Unokoti,277335,591.93,469,-11,12,-70,-13,-9,-40,152,67.5,0,1,1,0,2.718281828459050
Tripura,West Tripura,917534,942.55,973,-11,12,-70,-13,-9,-40,152,67.5,0,8,8,0,2.718281828459050
Uttar Pradesh,Agra,4380793,4027.0,1084,-37,18,-74,-15,-50,-56,89,95.1,0,866,102,1,1.124999858558630
Uttar Pradesh,Aligarh,3673849,3747.0,1007,-37,18,-74,-15,-50,-56,89,95.1,1,129,56,0,1.5435863800290100
Uttar Pradesh,Prayagraj,5959798,5481.0,1087,-37,18,-74,-15,-50,-56,89,95.1,0,78,42,0,1.7133688813639800
Uttar Pradesh,Ambedkar Nagar,2398709,2372.0,1021,-37,18,-74,-15,-50,-56,89,95.1,0,49,45,0,2.505196931807420
Uttar Pradesh,Amethi,2549935,3063.0,830,-37,18,-74,-15,-50,-56,89,95.1,0,80,71,0,2.429049430604290
Uttar Pradesh,Amroha,1838771,2321.0,818,-37,18,-74,-15,-50,-56,89,95.1,0,59,27,0,1.580319621460290
Uttar Pradesh,Auraiya,1372287,2051.0,681,-37,18,-74,-15,-50,-56,89,95.1,0,22,7,0,1.3746261705388500
Uttar Pradesh,Azamgarh,4616509,4053.0,1139,-37,18,-74,-15,-50,-56,89,95.1,0,55,44,0,2.225540928492470
Uttar Pradesh,Baghpat,1302156,1345.0,986,-37,18,-74,-15,-50,-56,89,95.1,0,29,5,1,1.188169387804340
Uttar Pradesh,Bahraich,2384239,4926.0,415,-37,18,-74,-15,-50,-56,89,95.1,0,74,39,0,1.693888929411840
Uttar Pradesh,Ballia,3223642,2981.0,1081,-37,18,-74,-15,-50,-56,89,95.1,0,32,32,0,2.718281828459050
Uttar Pradesh,Balrampur,2149066,3349.0,642,-37,18,-74,-15,-50,-56,89,95.1,0,9,9,0,2.718281828459050
Uttar Pradesh,Banda,1799541,4413.0,404,-37,18,-74,-15,-50,-56,89,95.1,0,23,2,0,1.0908492504589300
Uttar Pradesh,Barabanki,3257983,3825.0,739,-37,18,-74,-15,-50,-56,89,95.1,0,142,119,0,2.311803992796580
Uttar Pradesh,Bareilly,4465344,4120.0,1084,-37,18,-74,-15,-50,-56,89,95.1,0,51,39,0,2.1483624104266800
Uttar Pradesh,Basti,2461056,2687.0,916,-37,18,-74,-15,-50,-56,89,95.1,0,143,97,1,1.9705677088610400
Uttar Pradesh,Bhadohi,1554203,960.0,1531,-37,18,-74,-15,-50,-56,89,95.1,0,30,27,0,2.45960311115695
Uttar Pradesh,Bijnor,3683896,4561.0,808,-37,18,-74,-15,-50,-56,89,95.1,0,80,33,0,1.5105895423076700
Uttar Pradesh,Budaun,3712738,5168.0,718,-37,18,-74,-15,-50,-56,89,95.1,0,36,19,0,1.6951610952772700
Uttar Pradesh,Bulandshahr,3498507,3719.0,788,-37,18,-74,-15,-50,-56,89,95.1,0,108,27,1,1.2840254166877400
Uttar Pradesh,Chandauli,1952713,2554.0,768,-37,18,-74,-15,-50,-56,89,95.1,0,21,21,0,2.718281828459050
Uttar Pradesh,Chitrakoot,990626,3202.0,315,-37,18,-74,-15,-50,-56,89,95.1,0,29,12,0,1.5125441543391800
Uttar Pradesh,Deoria,3098637,2535.0,1220,-37,18,-74,-15,-50,-56,89,95.1,0,60,51,0,2.3396468519259900
Uttar Pradesh,Etah,1761152,2456.0,717,-37,18,-74,-15,-50,-56,89,95.1,0,16,4,0,1.2840254166877400
Uttar Pradesh,Etawah,1579160,2287.0,683,-37,18,-74,-15,-50,-56,89,95.1,0,46,43,0,2.5466597758679700
Uttar Pradesh,Ayodhya,2468371,2765.0,1054,-37,18,-74,-15,-50,-56,89,95.1,0,70,66,0,2.5673061098152700
Uttar Pradesh,Farrukhabad,1887577,2279.0,865,-37,18,-74,-15,-50,-56,89,95.1,0,25,17,0,1.9738777322304500
Uttar Pradesh,Fatehpur,2632684,4152.0,634,-37,18,-74,-15,-50,-56,89,95.1,0,41,33,0,2.236423747585790
Uttar Pradesh,Firozabad,2496761,2361.0,1044,-37,18,-74,-15,-50,-56,89,95.1,0,227,28,1,1.1312780571456500
Uttar Pradesh,Gautam Buddha Nagar,1674714,1269.0,1252,-37,18,-74,-15,-50,-56,89,95.1,0,362,123,1,1.4046371392135000
Uttar Pradesh,Ghaziabad,4661452,1175.0,3967,-37,18,-74,-15,-50,-56,89,95.1,0,243,48,1,1.2183906690396100
Uttar Pradesh,Ghazipur,3622727,3377.0,1072,-37,18,-74,-15,-50,-56,89,95.1,0,92,73,0,2.2110737579665400
Uttar Pradesh,Gonda,3431386,4425.0,857,-37,18,-74,-15,-50,-56,89,95.1,0,52,24,0,1.5865128974999700
Uttar Pradesh,Gorakhpur,4436275,3325.0,1336,-37,18,-74,-15,-50,-56,89,95.1,0,60,48,0,2.225540928492470
Uttar Pradesh,Hamirpur,1104021,4325.0,268,-37,18,-74,-15,-50,-56,89,95.1,0,78,71,0,2.4849596208370000
Uttar Pradesh,Hapur,1338211,660.0,2028,-37,18,-74,-15,-50,-56,89,95.1,0,109,45,0,1.5111093299525900
Uttar Pradesh,Hardoi,4091380,5986.0,683,-37,18,-74,-15,-50,-56,89,95.1,0,38,32,0,2.3212486756648500
Uttar Pradesh,Hathras,1565678,1752.0,851,-37,18,-74,-15,-50,-56,89,95.1,0,22,2,0,1.0951694398746600
Uttar Pradesh,Jalaun,1670718,4565.0,366,-37,18,-74,-15,-50,-56,89,95.1,0,43,6,0,1.1497389121898800
Uttar Pradesh,Jaunpur,4476072,4038.0,1108,-37,18,-74,-15,-50,-56,89,95.1,0,138,115,0,2.300975890892830
Uttar Pradesh,Jhansi,2000755,5024.0,398,-37,18,-74,-15,-50,-56,89,95.1,0,32,2,0,1.0644944589178600
Uttar Pradesh,Kannauj,1658005,1993.0,792,-37,18,-74,-15,-50,-56,89,95.1,0,38,16,0,1.523564463901950
Uttar Pradesh,Kanpur Dehat,1795092,3021.0,594,-37,18,-74,-15,-50,-56,89,95.1,0,15,11,0,2.0820090840784600
Uttar Pradesh,Kanpur Nagar,4572951,3156.0,1415,-37,18,-74,-15,-50,-56,89,95.1,0,337,25,0,1.077004930610850
Uttar Pradesh,Kasganj,1438156,1955.0,736,-37,18,-74,-15,-50,-56,89,95.1,0,15,8,0,1.7046048653227500
Uttar Pradesh,Kaushambi,1596909,1837.0,897,-37,18,-74,-15,-50,-56,89,95.1,0,47,38,0,2.2445625305267500
Uttar Pradesh,Kushinagar,3560830,2909.0,1226,-37,18,-74,-15,-50,-56,89,95.1,0,10,6,0,1.8221188003905100
Uttar Pradesh,Lakhimpur Kheri,4013634,7674.0,523,-37,18,-74,-15,-50,-56,89,95.1,0,62,47,0,2.1341416238736300
Uttar Pradesh,Lalitpur,1218002,5039.0,242,-37,18,-74,-15,-50,-56,89,95.1,0,2,1,0,1.6487212707001300
Uttar Pradesh,Lucknow,4588455,2528.0,1815,-37,18,-74,-15,-50,-56,89,95.1,0,335,55,1,1.1784253574508900
Uttar Pradesh,Maharajganj,2665292,2953.0,903,-37,18,-74,-15,-50,-56,89,95.1,0,44,30,0,1.977469865420560
Uttar Pradesh,Mahoba,876055,2847.0,288,-37,18,-74,-15,-50,-56,89,95.1,0,10,7,0,2.0137527074704800
Uttar Pradesh,Mainpuri,1847194,2760.0,670,-37,18,-74,-15,-50,-56,89,95.1,0,27,14,0,1.6795376018198600
Uttar Pradesh,Mathura,2541894,3333.0,761,-37,18,-74,-15,-50,-56,89,95.1,0,65,18,0,1.3190649006014800
Uttar Pradesh,Mau,2205170,1713.0,1287,-37,18,-74,-15,-50,-56,89,95.1,0,15,14,0,2.5429716378079500
Uttar Pradesh,Meerut,3447405,2522.0,1342,-37,18,-74,-15,-50,-56,89,95.1,0,389,104,1,1.3065004953092000
Uttar Pradesh,Mirzapur,2494533,4522.0,561,-37,18,-74,-15,-50,-56,89,95.1,0,31,19,0,1.8457823504656200
Uttar Pradesh,Moradabad,4773138,3718.0,1284,-37,18,-74,-15,-50,-56,89,95.1,0,187,32,1,1.186636690013770
Uttar Pradesh,Muzaffarnagar,4138605,4008.0,1033,-37,18,-74,-15,-50,-56,89,95.1,0,50,25,0,1.6487212707001300
Uttar Pradesh,Pilibhit,2037225,3499.0,567,-37,18,-74,-15,-50,-56,89,95.1,0,41,35,0,2.3482222126009600
Uttar Pradesh,Pratapgarh,3173752,3717.0,854,-37,18,-74,-15,-50,-56,89,95.1,0,13,9,0,1.9983217280388500
Uttar Pradesh,Rae Bareli,3404004,4609.0,739,-37,18,-74,-15,-50,-56,89,95.1,0,67,18,0,1.3082059783214300
Uttar Pradesh,Rampur,2335398,2367.0,987,-37,18,-74,-15,-50,-56,89,95.1,0,170,137,0,2.238670925496730
Uttar Pradesh,Saharanpur,3464228,3689.0,939,-37,18,-74,-15,-50,-56,89,95.1,0,232,32,1,1.1478963822765400
Uttar Pradesh,Sambhal,2217020,2453.0,890,-37,18,-74,-15,-50,-56,89,95.1,0,68,29,0,1.5318414721193000
Uttar Pradesh,Sant Kabir Nagar,1714300,1442.0,1014,-37,18,-74,-15,-50,-56,89,95.1,0,64,27,0,1.5248179105313300
Uttar Pradesh,Shahjahanpur,3002376,4575.0,673,-37,18,-74,-15,-50,-56,89,95.1,0,19,17,0,2.446691838462350
Uttar Pradesh,Shamli,1274815,1063.0,1200,-37,18,-74,-15,-50,-56,89,95.1,0,42,12,1,1.33071219744735
Uttar Pradesh,Shrawasti,1114615,1948.0,572,-37,18,-74,-15,-50,-56,89,95.1,0,29,16,0,1.7362439627994600
Uttar Pradesh,Siddharthnagar,2553526,2751.0,882,-37,18,-74,-15,-50,-56,89,95.1,0,93,66,0,2.0333352382497100
Uttar Pradesh,Sitapur,4474446,5743.0,779,-37,18,-74,-15,-50,-56,89,95.1,0,39,15,1,1.4690491938490200
Uttar Pradesh,Sonbhadra,1862612,6788.0,274,-37,18,-74,-15,-50,-56,89,95.1,0,5,5,0,2.718281828459050
Uttar Pradesh,Sultanpur,3790922,4436.0,855,-37,18,-74,-15,-50,-56,89,95.1,0,68,59,0,2.381301194878940
Uttar Pradesh,Unnao,3110595,4561.0,682,-37,18,-74,-15,-50,-56,89,95.1,0,28,21,0,2.117000016612680
Uttar Pradesh,Varanasi,3682194,1535.0,2399,-37,18,-74,-15,-50,-56,89,95.1,1,161,79,0,1.6334318481340000
Uttarakhand,Almora,621927,3090.0,198,-27,17,-66,-14,-53,-45,88,92.3,0,15,12,0,2.225540928492470
Uttarakhand,Bageshwar,259840,2310.0,116,-27,17,-66,-14,-53,-45,88,92.3,0,8,8,0,2.718281828459050
Uttarakhand,Chamoli,391114,7692.0,49,-27,17,-66,-14,-53,-45,88,92.3,0,11,11,0,2.718281828459050
Uttarakhand,Champawat,259315,1781.0,147,-27,17,-66,-14,-53,-45,88,92.3,0,8,8,0,2.718281828459050
Uttarakhand,Dehradun,1698560,3088.0,550,-27,17,-66,-14,-53,-45,88,92.3,0,77,38,1,1.6380499729901400
Uttarakhand,Haridwar,1927029,2360.0,817,-27,17,-66,-14,-53,-45,88,92.3,0,35,28,0,2.225540928492470
Uttarakhand,Nainital,955128,3853.0,225,-27,17,-66,-14,-53,-45,88,92.3,0,135,125,1,2.524204404943700
Uttarakhand,Pauri Garhwal,686527,5438.0,129,-27,17,-66,-14,-53,-45,88,92.3,0,23,22,0,2.6026280920171900
Uttarakhand,Pithoragarh,485993,7110.0,69,-27,17,-66,-14,-53,-45,88,92.3,0,17,17,0,2.718281828459050
Uttarakhand,Rudraprayag,236857,1896.0,119,-27,17,-66,-14,-53,-45,88,92.3,0,3,3,0,2.718281828459050
Uttarakhand,Tehri Garhwal,616409,4085.0,169,-27,17,-66,-14,-53,-45,88,92.3,0,41,41,0,2.718281828459050
Uttarakhand,Udham Singh Nagar,1648367,2912.0,648,-27,17,-66,-14,-53,-45,88,92.3,0,50,43,1,2.3631606937057900
Uttarakhand,Uttarkashi,329686,7951.0,41,-27,17,-66,-14,-53,-45,88,92.3,0,10,9,0,2.45960311115695
West Bengal,Alipurduar,1700000,3383.0,400,-42,21,-82,-29,-51,-62,70,92.2,0,0,0,0,1.0
West Bengal,Bankura,3596292,6882.0,523,-42,21,-82,-29,-51,-62,70,92.2,0,15,15,0,2.718281828459050
West Bengal,Paschim Bardhaman,2882031,1603.0,1100,-42,21,-82,-29,-51,-62,70,92.2,0,41,29,0,2.028541522818640
West Bengal,Purba Bardhaman,4835532,5433.0,890,-42,21,-82,-29,-51,-62,70,92.2,0,41,34,0,2.291641315928220
West Bengal,Birbhum,3502387,4545.0,771,-42,21,-82,-29,-51,-62,70,92.2,0,33,22,0,1.9477340410546800
West Bengal,Cooch Behar,2822780,3387.0,833,-42,21,-82,-29,-51,-62,70,92.2,0,0,0,0,1.0
West Bengal,Dakshin Dinajpur,1670931,2183.0,753,-42,21,-82,-29,-51,-62,70,92.2,0,6,6,0,2.718281828459050
West Bengal,Darjeeling,1842034,3149.0,585,-42,21,-82,-29,-51,-62,70,92.2,0,14,7,0,1.6487212707001300
West Bengal,Hooghly,5520389,3149.0,1753,-42,21,-82,-29,-51,-62,70,92.2,0,239,111,0,1.5911151879363800
West Bengal,Howrah,4841638,1467.0,3300,-42,21,-82,-29,-51,-62,70,92.2,0,856,529,1,1.8551965627747500
West Bengal,Jalpaiguri,3869675,6227.0,621,-42,21,-82,-29,-51,-62,70,92.2,0,7,3,0,1.5350630092552100
West Bengal,Jhargram,1136548,3038.0,370,-42,21,-82,-29,-51,-62,70,92.2,0,6,3,0,1.6487212707001300
West Bengal,Kalimpong,251642,1054.0,239,-42,21,-82,-29,-51,-62,70,92.2,0,7,0,0,1.0
West Bengal,Kolkata,4486679,185.0,24252,-42,21,-82,-29,-51,-62,70,92.2,0,1808,857,1,1.6064140950387000
West Bengal,Malda,3997970,3733.0,1071,-42,21,-82,-29,-51,-62,70,92.2,0,115,96,0,2.3043130562124100
West Bengal,Murshidabad,7102430,5324.0,1334,-42,21,-82,-29,-51,-62,70,92.2,0,69,59,0,2.35154477619645
West Bengal,Nadia,5168488,3927.0,1316,-42,21,-82,-29,-51,-62,70,92.2,0,36,27,0,2.117000016612680
West Bengal,North 24 Parganas,10082852,4094.0,2463,-42,21,-82,-29,-51,-62,70,92.2,0,540,301,1,1.7461395982629000
West Bengal,Paschim Medinipur,5094238,9345.0,1076,-42,21,-82,-29,-51,-62,70,92.2,0,27,8,0,1.3448685773823500
West Bengal,Purba Medinipur,4417377,4736.0,923,-42,21,-82,-29,-51,-62,70,92.2,0,68,34,1,1.6487212707001300
West Bengal,Purulia,2927965,6259.0,468,-42,21,-82,-29,-51,-62,70,92.2,0,1,1,0,2.718281828459050
West Bengal,South 24 Parganas,8153176,9960.0,819,-42,21,-82,-29,-51,-62,70,92.2,0,156,95,0,1.8385447445145600
West Bengal,Uttar Dinajpur,3000849,3180.0,956,-42,21,-82,-29,-51,-62,70,92.2,0,47,40,0,2.3421371623370100
Andaman and Nicobar,Nicobars,36842,1841.0,20,-28,24,-83,-79,-70,-68,57,85.5,0,0,0,0,1.0
Andaman and Nicobar,North and Middle Andaman,105597,3736.0,28,-28,24,-83,-79,-70,-68,57,85.5,0,1,0,0,1.0
Andaman and Nicobar,South Andaman,238142,2672.0,89,-28,24,-83,-79,-70,-68,57,85.5,0,32,0,1,1.0
Chandigarh,Chandigarh,1055450,114.0,9258,-53,26,-85,-63,-97,-69,56,99.3,0,278,87,1,1.3674526647708900
Dadra and Nagar Haveli and Daman and Diu,Daman,191173,72.0,2651,-18,18,-57,24,-58,-49,58,98.7,0,0,0,0,1.0
Dadra and Nagar Haveli and Daman and Diu,Diu,52074,39.0,2058,-18,18,-57,24,-58,-49,58,98.7,0,0,0,0,1.0
Dadra and Nagar Haveli and Daman and Diu,Dadra and Nagar Haveli,343709,491.0,700,-18,18,-57,24,-58,-49,75,91.6,0,2,1,0,1.6487212707001300
Jammu and Kashmir,Anantnag,1070144,2853.0,375,127,17,26,175,296,258,45,76.8,0,278,161,0,1.784497192447300
Jammu and Kashmir,Bandipora,385099,3010.0,128,127,17,26,175,296,258,45,76.8,0,144,12,1,1.086904049521230
Jammu and Kashmir,Baramulla,1015503,3329.0,305,127,17,26,175,296,258,45,76.8,0,143,41,1,1.3320422445105400
Jammu and Kashmir,Doda,409576,11691.0,79,127,17,26,175,296,258,45,76.8,0,2,2,0,2.718281828459050
Jammu and Kashmir,Ganderbal,297003,258.0,1151,127,17,26,175,296,258,45,76.8,0,31,7,0,1.253333061208640
Jammu and Kashmir,Jammu,1526406,3097.0,596,127,17,26,175,296,258,45,76.8,0,109,73,1,1.953699531164320
Jammu and Kashmir,Kathua,615711,2651.0,232,127,17,26,175,296,258,45,76.8,0,53,38,0,2.048240500311620
Jammu and Kashmir,Kishtwar,230696,7737.0,30,127,17,26,175,296,258,45,76.8,0,7,6,0,2.3564184423836600
Jammu and Kashmir,Kulgam,422786,457.0,925,127,17,26,175,296,258,45,76.8,0,228,207,0,2.4790978822454300
Jammu and Kashmir,Kupwara,875564,2379.0,368,127,17,26,175,296,258,45,76.8,0,167,97,1,1.7875363362533100
Jammu and Kashmir,Pulwama,570060,1398.0,598,127,17,26,175,296,258,45,76.8,0,28,18,0,1.901907144218650
Jammu and Kashmir,Rajouri,619266,2630.0,235,127,17,26,175,296,258,45,76.8,0,13,9,1,1.9983217280388500
Jammu and Kashmir,Ramban,283313,1330.0,213,127,17,26,175,296,258,45,76.8,0,74,72,0,2.645798666323540
Jammu and Kashmir,Reasi,314714,1710.0,184,127,17,26,175,296,258,45,76.8,0,9,6,0,1.9477340410546800
Jammu and Kashmir,Samba,318611,913.0,318,127,17,26,175,296,258,45,76.8,0,29,19,0,1.9254744671155800
Jammu and Kashmir,Shopiyan,265960,312.0,852,127,17,26,175,296,258,45,76.8,0,129,22,1,1.185948214539500
Jammu and Kashmir,Srinagar,1269751,2228.0,703,127,17,26,175,296,258,45,76.8,0,188,56,1,1.3469898207558300
Jammu and Kashmir,Udhampur,555357,4550.0,211,127,17,26,175,296,258,45,76.8,0,39,17,1,1.546350186596630
Delhi,Central Delhi,582320,25.0,27730,-64,27,-82,-52,-94,-72,49,95.0,0,184,184,1,2.718281828459050
Delhi,East Delhi,1709346,440.0,27132,-64,27,-82,-52,-94,-72,49,95.0,0,38,38,1,2.718281828459050
Delhi,New Delhi,142004,22.0,4057,-64,27,-82,-52,-94,-72,49,95.0,0,37,37,1,2.718281828459050
Delhi,North Delhi,887978,59.0,14557,-64,27,-82,-52,-94,-72,49,95.0,0,60,60,1,2.718281828459050
Delhi,North East Delhi,2241624,52.0,36155,-64,27,-82,-52,-94,-72,49,95.0,0,25,25,0,2.718281828459050
Delhi,North West Delhi,3656539,130.0,8254,-64,27,-82,-52,-94,-72,49,95.0,0,32,31,1,2.6346490888156300
Delhi,South Delhi,2731929,250.0,11060,-64,27,-82,-52,-94,-72,49,95.0,0,70,70,1,2.718281828459050
Delhi,South West Delhi,2292958,395.0,5446,-64,27,-82,-52,-94,-72,49,95.0,0,42,42,1,2.718281828459050
Delhi,West Delhi,2543243,112.0,19563,-64,27,-82,-52,-94,-72,49,95.0,0,122,122,1,2.718281828459050
Puducherry,Karaikal,200222,157.0,1275,-21,23,-71,-18,-80,-39,53,97.8,0,2,0,0,1.0
Puducherry,Mahe,41816,9.0,4646,-21,23,-71,-18,-80,-39,53,97.8,0,4,2,0,1.6487212707001300
Puducherry,Yanam,55626,30.0,1854,-21,23,-71,-18,-80,-39,53,97.8,0,0,0,0,1.0